Date,open,high,low,close,volume
04/01/2005,2.579999924,2.579999924,2.579999924,2.579999924,720
05/01/2005,2.579999924,2.579999924,2.579999924,2.579999924,720
06/01/2005,2.710000038,2.710000038,2.710000038,2.710000038,240
07/01/2005,2.710000038,2.710000038,2.710000038,2.710000038,240
10/01/2005,2.710000038,2.710000038,2.710000038,2.710000038,360
11/01/2005,2.710000038,2.710000038,2.710000038,2.710000038,360
12/01/2005,2.710000038,2.710000038,2.710000038,2.710000038,360
13/01/2005,2.710000038,2.710000038,2.710000038,2.710000038,360
14/01/2005,2.710000038,2.710000038,2.710000038,2.710000038,360
17/01/2005,2.829999924,2.829999924,2.829999924,2.829999924,18000
18/01/2005,2.829999924,2.829999924,2.829999924,2.829999924,18000
24/01/2005,2.829999924,2.829999924,2.829999924,2.829999924,6960
26/01/2005,2.829999924,2.829999924,2.829999924,2.829999924,6000
07/02/2005,2.829999924,2.829999924,2.829999924,2.829999924,2400
10/02/2005,2.829999924,2.829999924,2.829999924,2.829999924,1200
16/02/2005,2.829999924,2.829999924,2.829999924,2.829999924,1200
18/02/2005,2.829999924,2.829999924,2.829999924,2.829999924,2400
21/02/2005,2.829999924,2.829999924,2.829999924,2.829999924,1440
25/02/2005,22.78000069,22.78000069,22.78000069,22.78000069,23400
08/03/2005,2.829999924,2.829999924,2.829999924,2.829999924,6180
09/03/2005,2.829999924,2.829999924,2.829999924,2.829999924,240
16/03/2005,2.829999924,2.829999924,2.829999924,2.829999924,2299
21/03/2005,2.829999924,2.829999924,2.829999924,2.829999924,1920
30/03/2005,2.829999924,2.829999924,2.829999924,2.829999924,2400
04/04/2005,2.829999924,2.829999924,2.829999924,2.829999924,120
13/04/2005,2.829999924,2.829999924,2.829999924,2.829999924,2383
14/04/2005,2.829999924,2.829999924,2.829999924,2.829999924,7920
19/04/2005,2.829999924,2.829999924,2.829999924,2.829999924,1183
20/04/2005,2.829999924,2.829999924,2.829999924,2.829999924,240
25/04/2005,2.829999924,2.829999924,2.829999924,2.829999924,6360
04/05/2005,2.829999924,2.829999924,2.829999924,2.829999924,1200
05/05/2005,2.829999924,2.829999924,2.829999924,2.829999924,10800
09/05/2005,2.829999924,2.829999924,2.829999924,2.829999924,720
10/05/2005,2.829999924,2.829999924,2.829999924,2.829999924,1200
12/05/2005,2.829999924,2.829999924,2.829999924,2.829999924,360
17/05/2005,2.829999924,2.829999924,2.829999924,2.829999924,1440
18/05/2005,2.829999924,2.829999924,2.829999924,2.829999924,360
23/05/2005,2.5,2.5,2.5,2.5,1680
01/06/2005,2.5,2.5,2.5,2.5,480
02/06/2005,2.5,2.5,2.5,2.5,873
06/06/2005,2.5,2.5,2.5,2.5,360
20/06/2005,2.5,2.5,2.5,2.5,4732
21/06/2005,2.5,2.5,2.5,2.5,13116
22/06/2005,2.5,2.5,2.5,2.5,2366
23/06/2005,2.5,2.5,2.5,2.5,2546
24/06/2005,2.5,2.5,2.5,2.5,9566
28/06/2005,2.5,2.5,2.5,2.5,480
30/06/2005,2.5,2.5,2.5,2.5,3780
01/07/2005,2.619999886,2.619999886,2.619999886,2.619999886,18000
04/07/2005,2.619999886,2.619999886,2.619999886,2.619999886,480
05/07/2005,2.75,2.75,2.75,2.75,18000
08/07/2005,2.75,2.75,2.75,2.75,120
15/07/2005,2.75,2.75,2.75,2.75,240
21/07/2005,2.75,2.75,2.75,2.75,1440
02/08/2005,2.75,2.75,2.75,2.75,900
05/08/2005,2.75,2.75,2.75,2.75,2400
08/08/2005,2.75,2.75,2.75,2.75,2640
15/08/2005,2.75,2.75,2.75,2.75,2280
25/08/2005,2.75,2.75,2.75,2.75,480
29/08/2005,2.75,2.75,2.75,2.75,4320
13/09/2005,2.75,2.75,2.75,2.75,1200
15/09/2005,2.75,2.75,2.75,2.75,480
21/09/2005,2.75,2.75,2.75,2.75,1440
22/09/2005,2.75,2.75,2.75,2.75,720
29/09/2005,2.75,2.75,2.75,2.75,540
11/10/2005,2.75,2.75,2.75,2.75,24360
14/10/2005,2.75,2.75,2.75,2.75,3600
20/10/2005,2.75,2.75,2.75,2.75,720
28/10/2005,2.75,2.75,2.75,2.75,1200
31/10/2005,2.75,2.75,2.75,2.75,840
28/11/2005,2.75,2.75,2.75,2.75,60
14/12/2005,2.75,2.75,2.75,2.75,4560
19/12/2005,2.75,2.75,2.75,2.75,12000
21/12/2005,2.75,2.75,2.75,2.75,1620
29/12/2005,2.880000114,2.880000114,2.880000114,2.880000114,26400
30/12/2005,2.880000114,2.880000114,2.880000114,2.880000114,480
16/01/2006,2.880000114,2.880000114,2.880000114,2.880000114,3600
26/01/2006,2.880000114,2.880000114,2.880000114,2.880000114,360
01/02/2006,2.880000114,2.880000114,2.880000114,2.880000114,240
07/02/2006,3.019999981,3.019999981,3.019999981,3.019999981,26793
10/02/2006,3.019999981,3.019999981,3.019999981,3.019999981,720
15/02/2006,3.019999981,3.019999981,3.019999981,3.019999981,19200
21/02/2006,3.019999981,3.019999981,3.019999981,3.019999981,960
22/02/2006,3.019999981,3.019999981,3.019999981,3.019999981,1200
27/02/2006,3.019999981,3.019999981,3.019999981,3.019999981,2850
02/03/2006,3.019999981,3.019999981,3.019999981,3.019999981,120
09/03/2006,3.170000076,3.170000076,3.170000076,3.170000076,480
20/03/2006,3.329999924,3.329999924,3.329999924,3.329999924,13200
04/04/2006,3.329999924,3.329999924,3.329999924,3.329999924,7920
05/04/2006,3.329999924,3.329999924,3.329999924,3.329999924,2400
06/04/2006,3.329999924,3.329999924,3.329999924,3.329999924,600
26/04/2006,3.329999924,3.329999924,3.329999924,3.329999924,23640
11/05/2006,3.329999924,3.329999924,3.329999924,3.329999924,2760
25/05/2006,3.329999924,3.329999924,3.329999924,3.329999924,7440
30/05/2006,3.329999924,3.329999924,3.329999924,3.329999924,3600
01/06/2006,3.329999924,3.329999924,3.329999924,3.329999924,480
02/06/2006,3.329999924,3.329999924,3.329999924,3.329999924,3540
05/06/2006,3.5,3.5,3.5,3.5,51073
16/06/2006,3.079999924,3.079999924,3.079999924,3.079999924,1800
22/06/2006,3.079999924,3.079999924,3.079999924,3.079999924,33786
27/06/2006,3.079999924,3.079999924,3.079999924,3.079999924,480
04/07/2006,3.079999924,3.079999924,3.079999924,3.079999924,480
10/07/2006,3.079999924,3.079999924,3.079999924,3.079999924,1080
12/07/2006,3.079999924,3.079999924,3.079999924,3.079999924,6000
13/07/2006,3.079999924,3.079999924,3.079999924,3.079999924,480
14/07/2006,3.079999924,3.079999924,3.079999924,3.079999924,1200
25/07/2006,3.079999924,3.079999924,3.079999924,3.079999924,3360
28/07/2006,3.079999924,3.079999924,3.079999924,3.079999924,600
17/08/2006,2.930000067,2.930000067,2.930000067,2.930000067,15660
23/08/2006,2.930000067,2.930000067,2.930000067,2.930000067,840
29/08/2006,3.069999933,3.069999933,3.069999933,3.069999933,12000
30/08/2006,3.069999933,3.069999933,3.069999933,3.069999933,2400
07/09/2006,3.069999933,3.069999933,3.069999933,3.069999933,1200
08/09/2006,3.069999933,3.069999933,3.069999933,3.069999933,720
11/09/2006,3.220000029,3.220000029,3.220000029,3.220000029,14280
12/09/2006,3.220000029,3.220000029,3.220000029,3.220000029,600
18/09/2006,3.380000114,3.380000114,3.380000114,3.380000114,38820
20/09/2006,3.380000114,3.380000114,3.380000114,3.380000114,14744
25/09/2006,3.549999952,3.549999952,3.549999952,3.549999952,24000
26/09/2006,3.720000029,3.720000029,3.720000029,3.720000029,25440
27/09/2006,3.720000029,3.720000029,3.720000029,3.720000029,1680
28/09/2006,3.720000029,3.720000029,3.720000029,3.720000029,720
03/10/2006,3.720000029,3.720000029,3.720000029,3.720000029,1980
05/10/2006,3.720000029,3.720000029,3.720000029,3.720000029,72720
09/10/2006,3.720000029,3.720000029,3.720000029,3.720000029,48
10/10/2006,3.720000029,3.720000029,3.720000029,3.720000029,2160
12/10/2006,3.720000029,3.720000029,3.720000029,3.720000029,1800
16/10/2006,3.720000029,3.720000029,3.720000029,3.720000029,6000
17/10/2006,3.720000029,3.720000029,3.720000029,3.720000029,2880
19/10/2006,3.720000029,3.720000029,3.720000029,3.720000029,2880
20/10/2006,3.720000029,3.720000029,3.720000029,3.720000029,1200
30/10/2006,3.720000029,3.720000029,3.720000029,3.720000029,5760
31/10/2006,3.720000029,3.720000029,3.720000029,3.720000029,2640
08/11/2006,3.720000029,3.720000029,3.720000029,3.720000029,600
10/11/2006,3.720000029,3.720000029,3.720000029,3.720000029,1200
14/11/2006,3.720000029,3.720000029,3.720000029,3.720000029,152
16/11/2006,3.720000029,3.720000029,3.720000029,3.720000029,1483
21/11/2006,3.720000029,3.720000029,3.720000029,3.720000029,2880
22/11/2006,3.720000029,3.720000029,3.720000029,3.720000029,12000
28/11/2006,3.720000029,3.720000029,3.720000029,3.720000029,1800
29/11/2006,3.720000029,3.720000029,3.720000029,3.720000029,12000
30/11/2006,3.720000029,3.720000029,3.720000029,3.720000029,3480
05/12/2006,3.720000029,3.720000029,3.720000029,3.720000029,2160
06/12/2006,3.720000029,3.720000029,3.720000029,3.720000029,960
12/12/2006,3.720000029,3.720000029,3.720000029,3.720000029,600
15/12/2006,3.720000029,3.720000029,3.720000029,3.720000029,3000
18/12/2006,3.720000029,3.720000029,3.720000029,3.720000029,1200
19/12/2006,3.720000029,3.720000029,3.720000029,3.720000029,206
20/12/2006,3.720000029,3.720000029,3.720000029,3.720000029,360
21/12/2006,3.720000029,3.720000029,3.720000029,3.720000029,9000
28/12/2006,3.720000029,3.720000029,3.720000029,3.720000029,0
04/01/2007,3.720000029,3.720000029,3.720000029,3.720000029,3600
18/01/2007,3.910000086,3.910000086,3.910000086,3.910000086,2400
22/01/2007,3.910000086,3.910000086,3.910000086,3.910000086,600
25/01/2007,3.910000086,3.910000086,3.910000086,3.910000086,240
01/02/2007,3.910000086,3.910000086,3.910000086,3.910000086,600
02/02/2007,3.910000086,3.910000086,3.910000086,3.910000086,1200
14/02/2007,3.910000086,3.910000086,3.910000086,3.910000086,2400
20/02/2007,3.910000086,3.910000086,3.910000086,3.910000086,240
21/02/2007,3.910000086,3.910000086,3.910000086,3.910000086,1200
22/02/2007,3.910000086,3.910000086,3.910000086,3.910000086,240
23/02/2007,3.910000086,3.910000086,3.910000086,3.910000086,600
07/03/2007,3.910000086,3.910000086,3.910000086,3.910000086,360
13/03/2007,3.910000086,3.910000086,3.910000086,3.910000086,2400
14/03/2007,4.099999905,4.099999905,4.099999905,4.099999905,118560
15/03/2007,4.099999905,4.099999905,4.099999905,4.099999905,118560
20/03/2007,4.099999905,4.099999905,4.099999905,4.099999905,1200
22/03/2007,4.099999905,4.099999905,4.099999905,4.099999905,600
27/03/2007,4.099999905,4.099999905,4.099999905,4.099999905,720
29/03/2007,4.099999905,4.099999905,4.099999905,4.099999905,5400
10/04/2007,4.099999905,4.099999905,4.099999905,4.099999905,240
18/04/2007,4.099999905,4.099999905,4.099999905,4.099999905,240
23/04/2007,4.099999905,4.099999905,4.099999905,4.099999905,1800
26/04/2007,4.099999905,4.099999905,4.099999905,4.099999905,3720
27/04/2007,4.300000191,4.300000191,4.300000191,4.300000191,26400
30/04/2007,4.510000229,4.510000229,4.510000229,4.510000229,46320
07/05/2007,4.510000229,4.510000229,4.510000229,4.510000229,2400
08/05/2007,4.730000019,4.730000019,4.730000019,4.730000019,18000
09/05/2007,4.730000019,4.730000019,4.730000019,4.730000019,2400
10/05/2007,4.730000019,4.730000019,4.730000019,4.730000019,720
15/05/2007,4.730000019,4.730000019,4.730000019,4.730000019,360
16/05/2007,4.730000019,4.730000019,4.730000019,4.730000019,240
18/05/2007,4.730000019,4.730000019,4.730000019,4.730000019,1920
22/05/2007,4.730000019,4.730000019,4.730000019,4.730000019,7200
25/05/2007,4.730000019,4.730000019,4.730000019,4.730000019,600
30/05/2007,4.730000019,4.730000019,4.730000019,4.730000019,8160
31/05/2007,2.160000086,2.160000086,2.160000086,2.160000086,120
01/06/2007,2.25999999,2.25999999,2.25999999,2.25999999,18000
04/06/2007,2.25999999,2.25999999,2.25999999,2.25999999,19200
06/06/2007,2.369999886,2.369999886,2.369999886,2.369999886,18000
07/06/2007,2.369999886,2.369999886,2.369999886,2.369999886,3960
08/06/2007,2.480000019,2.480000019,2.480000019,2.480000019,14400
11/06/2007,2.480000019,2.480000019,2.480000019,2.480000019,120
13/06/2007,2.480000019,2.480000019,2.480000019,2.480000019,1200
14/06/2007,2.599999905,2.599999905,2.599999905,2.599999905,18000
20/06/2007,2.599999905,2.599999905,2.599999905,2.599999905,3600
21/06/2007,2.599999905,2.599999905,2.599999905,2.599999905,2160
25/06/2007,2.720000029,2.720000029,2.720000029,2.720000029,120
26/06/2007,2.720000029,2.720000029,2.720000029,2.720000029,1440
27/06/2007,2.859999895,2.859999895,2.859999895,2.859999895,26400
28/06/2007,3,3,3,3,18000
29/06/2007,3,3,3,3,9840
05/07/2007,3.150000095,3.150000095,3.150000095,3.150000095,600
12/07/2007,3.299999952,3.299999952,3.299999952,3.299999952,120
18/07/2007,3.460000038,3.460000038,3.460000038,3.460000038,2443
19/07/2007,3.619999886,3.619999886,3.619999886,3.619999886,18000
20/07/2007,3.799999952,3.799999952,3.799999952,3.799999952,21343
23/07/2007,3.799999952,3.799999952,3.799999952,3.799999952,8400
24/07/2007,3.980000019,3.980000019,3.980000019,3.980000019,24600
31/07/2007,3.980000019,3.980000019,3.980000019,3.980000019,720
01/08/2007,3.980000019,3.980000019,3.980000019,3.980000019,1663
02/08/2007,3.980000019,3.980000019,3.980000019,3.980000019,360
07/08/2007,3.980000019,3.980000019,3.980000019,3.980000019,120
09/08/2007,3.980000019,3.980000019,3.980000019,3.980000019,120
15/08/2007,4,4,4,4,2366
21/08/2007,4,4,4,4,9600
23/08/2007,4.199999809,4.199999809,4.199999809,4.199999809,3600
24/08/2007,4.409999847,4.409999847,4.409999847,4.409999847,2623
28/08/2007,4.409999847,4.409999847,4.409999847,4.409999847,3540
30/08/2007,4.409999847,4.409999847,4.409999847,4.409999847,1560
03/09/2007,4.409999847,4.409999847,4.409999847,4.409999847,1200
04/09/2007,4.619999886,4.619999886,4.619999886,4.619999886,26880
05/09/2007,4.619999886,4.619999886,4.619999886,4.619999886,60
07/09/2007,4.619999886,4.619999886,4.619999886,4.619999886,1200
10/09/2007,4.619999886,4.619999886,4.619999886,4.619999886,1297
11/09/2007,4.619999886,4.619999886,4.619999886,4.619999886,2160
13/09/2007,4.619999886,4.619999886,4.619999886,4.619999886,5661
18/09/2007,4.619999886,4.619999886,4.619999886,4.619999886,600
19/09/2007,4.619999886,4.619999886,4.619999886,4.619999886,480
21/09/2007,4.619999886,4.619999886,4.619999886,4.619999886,1183
24/09/2007,4.619999886,4.619999886,4.619999886,4.619999886,3600
26/09/2007,4.619999886,4.619999886,4.619999886,4.619999886,720
27/09/2007,4.619999886,4.619999886,4.619999886,4.619999886,9000
28/09/2007,4.619999886,4.619999886,4.619999886,4.619999886,9000
02/10/2007,4.619999886,4.619999886,4.619999886,4.619999886,2880
04/10/2007,4.619999886,4.619999886,4.619999886,4.619999886,291
10/10/2007,4.619999886,4.619999886,4.619999886,4.619999886,4281
16/10/2007,4.619999886,4.619999886,4.619999886,4.619999886,1800
17/10/2007,4.619999886,4.619999886,4.619999886,4.619999886,3600
22/10/2007,4.619999886,4.619999886,4.619999886,4.619999886,420
24/10/2007,4.619999886,4.619999886,4.619999886,4.619999886,420
26/10/2007,4.849999905,4.849999905,4.849999905,4.849999905,53760
29/10/2007,4.610000134,4.610000134,4.610000134,4.610000134,24720
30/10/2007,4.610000134,4.610000134,4.610000134,4.610000134,2640
07/11/2007,4.610000134,4.610000134,4.610000134,4.610000134,1920
15/11/2007,4.610000134,4.610000134,4.610000134,4.610000134,2940
16/11/2007,4.829999924,4.829999924,4.829999924,4.829999924,18000
19/11/2007,4.829999924,4.829999924,4.829999924,4.829999924,720
20/11/2007,4.590000153,4.590000153,4.590000153,4.590000153,25200
22/11/2007,4.820000172,4.820000172,4.820000172,4.820000172,18960
23/11/2007,5.050000191,5.050000191,5.050000191,5.050000191,18000
26/11/2007,5.300000191,5.300000191,5.300000191,5.300000191,18000
27/11/2007,5.559999943,5.559999943,5.559999943,5.559999943,18000
28/11/2007,5.829999924,5.829999924,5.829999924,5.829999924,18811
30/11/2007,6.119999886,6.119999886,6.119999886,6.119999886,18000
03/12/2007,6.420000076,6.420000076,6.420000076,6.420000076,18000
04/12/2007,6.739999771,6.739999771,6.739999771,6.739999771,18000
05/12/2007,7.070000172,7.070000172,7.070000172,7.070000172,19440
06/12/2007,7.420000076,7.420000076,7.420000076,7.420000076,600
07/12/2007,7.789999962,7.789999962,7.789999962,7.789999962,18000
10/12/2007,8.170000076,8.170000076,8.170000076,8.170000076,22198
11/12/2007,8.170000076,8.170000076,8.170000076,8.170000076,5760
13/12/2007,8.579999924,8.579999924,8.579999924,8.579999924,21600
14/12/2007,9.010000229,9.010000229,9.010000229,9.010000229,1200
17/12/2007,9.460000038,9.460000038,9.460000038,9.460000038,360
18/12/2007,9.920000076,9.920000076,9.920000076,9.920000076,3960
24/12/2007,9.920000076,9.920000076,9.920000076,9.920000076,3960
31/12/2007,10,10,10,10,42684
02/01/2008,10,10,10,10,42684
04/01/2008,10,10,10,10,1800
07/01/2008,10,10,10,10,1200
08/01/2008,10,10,10,10,4320
09/01/2008,10,10,10,10,6000
11/01/2008,10.5,10.5,10.5,10.5,27110
14/01/2008,10.5,10.5,10.5,10.5,480
15/01/2008,11.02000046,11.02000046,11.02000046,11.02000046,18000
21/01/2008,11.02000046,11.02000046,11.02000046,11.02000046,720
22/01/2008,10.47000027,10.47000027,10.47000027,10.47000027,600
23/01/2008,10.98999977,10.98999977,10.98999977,10.98999977,18600
24/01/2008,11.52000046,11.52000046,11.52000046,11.52000046,45001
25/01/2008,11.52000046,11.52000046,11.52000046,11.52000046,1999
28/01/2008,12.10000038,12.10000038,12.10000038,12.10000038,31141
29/01/2008,12.69999981,12.69999981,12.69999981,12.69999981,6298
31/01/2008,12.69999981,12.69999981,12.69999981,12.69999981,600
01/02/2008,12.69999981,12.69999981,12.69999981,12.69999981,1200
06/02/2008,13.32999992,13.32999992,13.32999992,13.32999992,30000
07/02/2008,14,14,14,14,19200
08/02/2008,14,14,14,14,76184
11/02/2008,14.69999981,14.69999981,14.69999981,14.69999981,18000
12/02/2008,15.43000031,15.43000031,15.43000031,15.43000031,780
13/02/2008,16.20000076,16.20000076,16.20000076,16.20000076,18000
14/02/2008,17.01000023,17.01000023,17.01000023,17.01000023,20160
15/02/2008,17.86000061,17.86000061,17.86000061,17.86000061,21600
18/02/2008,18.75,18.75,18.75,18.75,120
19/02/2008,19.68000031,19.68000031,19.68000031,19.68000031,31440
20/02/2008,20.67000008,20.67000008,20.67000008,20.67000008,27741
21/02/2008,20.67000008,20.67000008,20.67000008,20.67000008,27741
22/02/2008,21.70000076,21.70000076,21.70000076,21.70000076,18000
25/02/2008,22.78000069,22.78000069,22.78000069,22.78000069,23400
26/02/2008,23.92000008,23.92000008,23.92000008,23.92000008,18000
27/02/2008,25.11000061,25.11000061,25.11000061,25.11000061,3718
28/02/2008,26.36000061,26.36000061,26.36000061,26.36000061,37500
29/02/2008,27.67000008,27.67000008,27.67000008,27.67000008,18000
03/03/2008,29.05999947,29.05999947,29.05999947,29.05999947,19200
04/03/2008,30.51000023,30.51000023,30.51000023,30.51000023,43320
05/03/2008,32.02999878,32.02999878,32.02999878,32.02999878,28320
06/03/2008,33.63000107,33.63000107,33.63000107,33.63000107,4941
07/03/2008,35.31000137,35.31000137,35.31000137,35.31000137,20398
10/03/2008,37.06999969,37.06999969,37.06999969,37.06999969,13680
11/03/2008,37.06999969,37.06999969,37.06999969,37.06999969,1686
12/03/2008,38.91999817,38.91999817,38.91999817,38.91999817,4438
13/03/2008,40.86000061,40.86000061,40.86000061,40.86000061,38760
14/03/2008,41.58000183,41.58000183,41.58000183,41.58000183,2940
17/03/2008,43.65999985,43.65999985,43.65999985,43.65999985,39720
18/03/2008,45.83000183,45.83000183,45.83000183,45.83000183,30867
20/03/2008,48.11999893,48.11999893,48.11999893,48.11999893,32095
26/03/2008,50.52000046,50.52000046,50.52000046,50.52000046,7128
27/03/2008,53.04999924,53.04999924,53.04999924,53.04999924,44198
28/03/2008,53.04999924,53.04999924,53.04999924,53.04999924,5487
31/03/2008,55.70000076,55.70000076,55.70000076,55.70000076,18026
01/04/2008,55.70000076,55.70000076,55.70000076,55.70000076,14672
02/04/2008,58.33000183,58.33000183,58.33000183,58.33000183,99369
03/04/2008,61.25,61.25,61.25,61.25,130435
04/04/2008,64.30999756,64.30999756,64.30999756,64.30999756,90776
07/04/2008,67.5,67.5,67.5,67.5,56224
08/04/2008,70.83000183,70.83000183,70.83000183,70.83000183,116094
09/04/2008,74.16999817,74.16999817,74.16999817,74.16999817,120090
10/04/2008,74.16999817,74.16999817,74.16999817,74.16999817,8400
11/04/2008,74.16999817,74.16999817,74.16999817,74.16999817,4800
15/04/2008,74.16999817,74.16999817,74.16999817,74.16999817,216
17/04/2008,74.16999817,74.16999817,74.16999817,74.16999817,3000
18/04/2008,74.16999817,74.16999817,74.16999817,74.16999817,6000
21/04/2008,74.16999817,74.16999817,74.16999817,74.16999817,5818
29/04/2008,74.16999817,74.16999817,74.16999817,74.16999817,1
30/04/2008,74.16999817,74.16999817,74.16999817,74.16999817,610
02/05/2008,74.16999817,74.16999817,74.16999817,74.16999817,600
07/05/2008,74.16999817,74.16999817,74.16999817,74.16999817,240
12/05/2008,74.16999817,74.16999817,74.16999817,74.16999817,1200
16/05/2008,74.16999817,74.16999817,74.16999817,74.16999817,6000
22/05/2008,74.16999817,74.16999817,74.16999817,74.16999817,960
23/05/2008,74.16999817,74.16999817,74.16999817,74.16999817,2400
30/05/2008,74.16999817,74.16999817,74.16999817,74.16999817,1920
16/06/2008,73.66999817,73.66999817,73.66999817,73.66999817,1920
23/06/2008,73.66999817,73.66999817,73.66999817,73.66999817,1
30/06/2008,73.66999817,73.66999817,73.66999817,73.66999817,1
03/07/2008,73.66999817,73.66999817,73.66999817,73.66999817,2
04/07/2008,73.66999817,73.66999817,73.66999817,73.66999817,1200
11/07/2008,69.98000336,69.98000336,69.98000336,69.98000336,120
18/07/2008,73.66999817,73.66999817,73.66999817,73.66999817,1
22/07/2008,73.66999817,73.66999817,73.66999817,73.66999817,1
23/07/2008,73.66999817,73.66999817,73.66999817,73.66999817,1200
25/07/2008,73.66999817,73.66999817,73.66999817,73.66999817,1176
30/07/2008,69.98000336,69.98000336,69.98000336,69.98000336,150492
01/08/2008,66.48999786,66.48999786,66.48999786,66.48999786,357909
07/08/2008,66.48999786,66.48999786,66.48999786,66.48999786,720
14/08/2008,66.48999786,66.48999786,66.48999786,66.48999786,12838
15/08/2008,66.48999786,66.48999786,66.48999786,66.48999786,6000
29/08/2008,65.83000183,65.83000183,65.83000183,65.83000183,141000
11/09/2008,65.83000183,65.83000183,65.83000183,65.83000183,1200
15/10/2008,65.83000183,65.83000183,65.83000183,65.83000183,240
16/10/2008,65.83000183,65.83000183,65.83000183,65.83000183,3000
30/10/2008,65.83000183,65.83000183,65.83000183,65.83000183,24
10/11/2008,65.83000183,65.83000183,65.83000183,65.83000183,29422
26/11/2008,54.43999863,54.43999863,54.43999863,54.43999863,29422
02/12/2008,54.43999863,54.43999863,54.43999863,54.43999863,29422
16/12/2008,54.43999863,54.43999863,54.43999863,54.43999863,1200
29/12/2008,54.43999863,54.43999863,54.43999863,54.43999863,1200
05/02/2009,54.43999863,54.43999863,54.43999863,54.43999863,360
20/02/2009,54.43999863,54.43999863,54.43999863,54.43999863,1440
24/02/2009,54.43999863,54.43999863,54.43999863,54.43999863,12000
16/03/2009,51.72000122,51.72000122,51.72000122,51.72000122,63960
17/03/2009,49.13999939,49.13999939,49.13999939,49.13999939,61740
18/03/2009,49.13999939,49.13999939,49.13999939,49.13999939,10378
19/03/2009,49.13999939,49.13999939,49.13999939,49.13999939,10140
20/03/2009,49.13999939,49.13999939,49.13999939,49.13999939,10424
25/03/2009,49.13999939,49.13999939,49.13999939,49.13999939,8415
30/03/2009,49.13999939,49.13999939,49.13999939,49.13999939,32593
02/04/2009,49.13999939,49.13999939,49.13999939,49.13999939,2400
07/04/2009,49.13999939,49.13999939,49.13999939,49.13999939,1200
09/04/2009,49.13999939,49.13999939,49.13999939,49.13999939,1200
17/04/2009,49.13999939,49.13999939,49.13999939,49.13999939,240
21/04/2009,49.13999939,49.13999939,49.13999939,49.13999939,996
30/04/2009,49.13999939,49.13999939,49.13999939,49.13999939,960
04/05/2009,49.13999939,49.13999939,49.13999939,49.13999939,600
06/05/2009,49.13999939,49.13999939,49.13999939,49.13999939,1440
11/05/2009,49.13999939,49.13999939,49.13999939,49.13999939,900
13/05/2009,49.13999939,49.13999939,49.13999939,49.13999939,26482
14/05/2009,49.13999939,49.13999939,49.13999939,49.13999939,19200
15/05/2009,49.13999939,49.13999939,49.13999939,49.13999939,720
19/05/2009,49.13999939,49.13999939,49.13999939,49.13999939,4800
21/05/2009,49.13999939,49.13999939,49.13999939,49.13999939,240
04/06/2009,49.13999939,49.13999939,49.13999939,49.13999939,240
08/06/2009,49.13999939,49.13999939,49.13999939,49.13999939,3600
10/06/2009,49.13999939,49.13999939,49.13999939,49.13999939,14400
12/06/2009,49.13999939,49.13999939,49.13999939,49.13999939,24000
15/06/2009,49.13999939,49.13999939,49.13999939,49.13999939,24000
17/06/2009,49.13999939,49.13999939,49.13999939,49.13999939,1200
23/06/2009,49.13999939,49.13999939,49.13999939,49.13999939,2400
30/06/2009,49.13999939,49.13999939,49.13999939,49.13999939,2400
03/07/2009,49.13999939,49.13999939,49.13999939,49.13999939,7500
07/07/2009,49.13999939,49.13999939,49.13999939,49.13999939,3600
09/07/2009,49.13999939,49.13999939,49.13999939,49.13999939,5520
15/07/2009,49.13999939,49.13999939,49.13999939,49.13999939,60
16/07/2009,49.13999939,49.13999939,49.13999939,49.13999939,840
21/07/2009,49.13999939,49.13999939,49.13999939,49.13999939,360
23/07/2009,49.13999939,49.13999939,49.13999939,49.13999939,2136
27/07/2009,49.13999939,49.13999939,49.13999939,49.13999939,1200
28/07/2009,49.13999939,49.13999939,49.13999939,49.13999939,43200
11/08/2009,49.13999939,49.13999939,49.13999939,49.13999939,11919
12/08/2009,49.13999939,49.13999939,49.13999939,49.13999939,960
13/08/2009,46.68999863,46.68999863,46.68999863,46.68999863,134109
15/09/2009,46.68999863,46.68999863,46.68999863,46.68999863,22
29/09/2009,46.68999863,46.68999863,46.68999863,46.68999863,960
05/11/2009,46.68999863,46.68999863,46.68999863,46.68999863,792
12/11/2009,46.68999863,46.68999863,46.68999863,46.68999863,50400
28/12/2009,44.36000061,44.36000061,44.36000061,44.36000061,1440
31/12/2009,46.36000061,46.36000061,46.36000061,46.36000061,4
08/01/2010,44.04000092,44.04000092,44.04000092,44.04000092,12
14/01/2010,44.04000092,44.04000092,44.04000092,44.04000092,126000
19/01/2010,41.84000015,41.84000015,41.84000015,41.84000015,1452
22/01/2010,41.84000015,41.84000015,41.84000015,41.84000015,660
29/01/2010,41.84000015,41.84000015,41.84000015,41.84000015,432
03/02/2010,41.84000015,41.84000015,41.84000015,41.84000015,43200
10/02/2010,41.84000015,41.84000015,41.84000015,41.84000015,240
12/02/2010,41.84000015,41.84000015,41.84000015,41.84000015,71803
04/03/2010,44.04000092,44.04000092,44.04000092,44.04000092,24
10/03/2010,44.04000092,44.04000092,44.04000092,44.04000092,864
12/03/2010,44.04000092,44.04000092,44.04000092,44.04000092,336
22/03/2010,41.84000015,41.84000015,41.84000015,41.84000015,78000
23/03/2010,39.75,39.75,39.75,39.75,153973
24/03/2010,39.75,39.75,39.75,39.75,444
26/03/2010,39.75,39.75,39.75,39.75,11992
29/03/2010,39.75,39.75,39.75,39.75,9592
08/04/2010,39.75,39.75,39.75,39.75,8208
12/04/2010,39.75,39.75,39.75,39.75,1200
14/04/2010,39.75,39.75,39.75,39.75,57253
19/04/2010,39.75,39.75,39.75,39.75,17208
20/04/2010,39.75,39.75,39.75,39.75,6000
22/04/2010,39.75,39.75,39.75,39.75,2400
29/04/2010,39.75,39.75,39.75,39.75,8328
04/05/2010,37.77000046,37.77000046,37.77000046,37.77000046,72000
05/05/2010,37.77000046,37.77000046,37.77000046,37.77000046,66960
13/05/2010,35.88000107,35.88000107,35.88000107,35.88000107,86400
14/05/2010,35.88000107,35.88000107,35.88000107,35.88000107,57024
21/05/2010,35.88000107,35.88000107,35.88000107,35.88000107,6000
27/05/2010,35.88000107,35.88000107,35.88000107,35.88000107,600
28/05/2010,35.88000107,35.88000107,35.88000107,35.88000107,864
03/06/2010,35.88000107,35.88000107,35.88000107,35.88000107,42206
09/06/2010,35.88000107,35.88000107,35.88000107,35.88000107,600
11/06/2010,35.88000107,35.88000107,35.88000107,35.88000107,24
23/06/2010,35.88000107,35.88000107,35.88000107,35.88000107,360
25/06/2010,35.88000107,35.88000107,35.88000107,35.88000107,24
05/07/2010,35.88000107,35.88000107,35.88000107,35.88000107,120
21/07/2010,35.88000107,35.88000107,35.88000107,35.88000107,720
22/07/2010,35.88000107,35.88000107,35.88000107,35.88000107,1137
23/07/2010,35.88000107,35.88000107,35.88000107,35.88000107,284
29/07/2010,35.88000107,35.88000107,35.88000107,35.88000107,284
02/08/2010,35.88000107,35.88000107,35.88000107,35.88000107,720
16/08/2010,35.88000107,35.88000107,35.88000107,35.88000107,60
17/08/2010,35.88000107,35.88000107,35.88000107,35.88000107,24739
20/08/2010,35.88000107,35.88000107,35.88000107,35.88000107,240
24/08/2010,35.88000107,35.88000107,35.88000107,35.88000107,168
07/10/2010,35.88000107,35.88000107,35.88000107,35.88000107,27120
29/10/2010,35.88000107,35.88000107,35.88000107,35.88000107,1200
01/11/2010,35.88000107,35.88000107,35.88000107,35.88000107,96
08/11/2010,35.88000107,35.88000107,35.88000107,35.88000107,25608
26/11/2010,35.88000107,35.88000107,35.88000107,35.88000107,28440
02/12/2010,35.88000107,35.88000107,35.88000107,35.88000107,360
06/12/2010,35.88000107,35.88000107,35.88000107,35.88000107,10236
08/12/2010,35.88000107,35.88000107,35.88000107,35.88000107,32091
09/12/2010,35.54999924,35.54999924,35.54999924,35.54999924,22320
13/12/2010,35.54999924,35.54999924,35.54999924,35.54999924,600
17/12/2010,35.54999924,35.54999924,35.54999924,35.54999924,792
23/12/2010,35.54999924,35.54999924,35.54999924,35.54999924,12
31/01/2011,35.54999924,35.54999924,35.54999924,35.54999924,480
04/02/2011,35.54999924,35.54999924,35.54999924,35.54999924,11334
16/02/2011,35.54999924,35.54999924,35.54999924,35.54999924,29520
02/03/2011,35.54999924,35.54999924,35.54999924,35.54999924,1728
10/03/2011,35.54999924,35.54999924,35.54999924,35.54999924,1440
17/03/2011,35.54999924,35.54999924,35.54999924,35.54999924,480
23/03/2011,35.54999924,35.54999924,35.54999924,35.54999924,15744
28/03/2011,35.54999924,35.54999924,35.54999924,35.54999924,1104
01/04/2011,35.54999924,35.54999924,35.54999924,35.54999924,60768
04/04/2011,35.54999924,35.54999924,35.54999924,35.54999924,600
16/05/2011,35.54999924,35.54999924,35.54999924,35.54999924,284
16/06/2011,35.54999924,35.54999924,35.54999924,35.54999924,2349
06/07/2011,35.54999924,35.54999924,35.54999924,35.54999924,8064
07/07/2011,35.54999924,35.54999924,35.54999924,35.54999924,13440
15/07/2011,35.54999924,35.54999924,35.54999924,35.54999924,1500
20/07/2011,35.54999924,35.54999924,35.54999924,35.54999924,7800
02/09/2011,35.54999924,35.54999924,35.54999924,35.54999924,1542
05/09/2011,33.33000183,33.33000183,33.33000183,33.33000183,60780
06/09/2011,33.77000046,33.77000046,33.77000046,33.77000046,8820
08/09/2011,33.77000046,33.77000046,33.77000046,33.77000046,21789
13/09/2011,32.09000015,32.09000015,32.09000015,32.09000015,135360
21/09/2011,32.09000015,32.09000015,32.09000015,32.09000015,24
29/09/2011,32.09000015,32.09000015,32.09000015,32.09000015,1200
05/10/2011,32.09000015,32.09000015,32.09000015,32.09000015,57312
12/10/2011,32.09000015,32.09000015,32.09000015,32.09000015,1104
18/10/2011,32.09000015,32.09000015,32.09000015,32.09000015,600
27/10/2011,31.73999977,31.73999977,31.73999977,31.73999977,1152
28/10/2011,31.73999977,31.73999977,31.73999977,31.73999977,60
03/11/2011,31.73999977,31.73999977,31.73999977,31.73999977,67140
09/11/2011,30.15999985,30.15999985,30.15999985,30.15999985,113238
11/11/2011,30.15999985,30.15999985,30.15999985,30.15999985,13176
14/11/2011,30.15999985,30.15999985,30.15999985,30.15999985,13128
22/11/2011,30.15999985,30.15999985,30.15999985,30.15999985,1200
02/12/2011,30.15999985,30.15999985,30.15999985,30.15999985,9216
05/12/2011,30.15999985,30.15999985,30.15999985,30.15999985,24
08/12/2011,30.15999985,30.15999985,30.15999985,30.15999985,600
19/12/2011,30.15999985,30.15999985,30.15999985,30.15999985,284
10/01/2012,30.15999985,30.15999985,30.15999985,30.15999985,14328
25/01/2012,30.15999985,30.15999985,30.15999985,30.15999985,144
09/02/2012,30.15999985,30.15999985,30.15999985,30.15999985,26
21/02/2012,30.15999985,30.15999985,30.15999985,30.15999985,4320
22/02/2012,30.15999985,30.15999985,30.15999985,30.15999985,7200
28/02/2012,30.15999985,30.15999985,30.15999985,30.15999985,292
12/03/2012,30.15999985,30.15999985,30.15999985,30.15999985,792
15/03/2012,30.15999985,30.15999985,30.15999985,30.15999985,7200
30/03/2012,30.15999985,30.15999985,30.15999985,30.15999985,5280
03/04/2012,30.15999985,30.15999985,30.15999985,30.15999985,12
11/05/2012,30.15999985,30.15999985,30.15999985,30.15999985,7920
15/05/2012,30.15999985,30.15999985,30.15999985,30.15999985,296
01/06/2012,30.15999985,30.15999985,30.15999985,30.15999985,1440
29/06/2012,30.15999985,30.15999985,30.15999985,30.15999985,72
16/07/2012,28.65999985,28.65999985,28.65999985,28.65999985,110190
19/07/2012,28.65999985,28.65999985,28.65999985,28.65999985,30132
17/09/2012,28.65999985,28.65999985,28.65999985,28.65999985,444
18/09/2012,28.65999985,28.65999985,28.65999985,28.65999985,12000
21/09/2012,28.65999985,28.65999985,28.65999985,28.65999985,300
01/11/2012,28.65999985,28.65999985,28.65999985,28.65999985,33300
02/11/2012,28.65999985,28.65999985,28.65999985,28.65999985,384
20/11/2012,28.65999985,28.65999985,28.65999985,28.65999985,528
29/11/2012,28.65999985,28.65999985,28.65999985,28.65999985,120
06/12/2012,28.29999924,28.29999924,28.29999924,28.29999924,32532
13/12/2012,28.29999924,28.29999924,28.29999924,28.29999924,60
17/12/2012,28.29999924,28.29999924,28.29999924,28.29999924,42
20/12/2012,28.29999924,28.29999924,28.29999924,28.29999924,60
25/01/2013,28.29999924,28.29999924,28.29999924,28.29999924,2076
29/01/2013,28.29999924,28.29999924,28.29999924,28.29999924,960
31/01/2013,28.29999924,28.29999924,28.29999924,28.29999924,63096
25/02/2013,28.29999924,28.29999924,28.29999924,28.29999924,12000
20/03/2013,28.29999924,28.29999924,28.29999924,28.29999924,98160
21/03/2013,28.29999924,28.29999924,28.29999924,28.29999924,8718
27/03/2013,26.88999939,26.88999939,26.88999939,26.88999939,95040
09/04/2013,26.88999939,26.88999939,26.88999939,26.88999939,2784
10/04/2013,26.88999939,26.88999939,26.88999939,26.88999939,49
11/04/2013,26.88999939,26.88999939,26.88999939,26.88999939,120
25/04/2013,26.88999939,26.88999939,26.88999939,26.88999939,950
30/04/2013,26.88999939,26.88999939,26.88999939,26.88999939,0
02/05/2013,26.88999939,26.88999939,26.88999939,26.88999939,104
16/05/2013,26.88999939,26.88999939,26.88999939,26.88999939,72
11/07/2013,26.88999939,26.88999939,26.88999939,26.88999939,720
27/08/2013,26.88999939,26.88999939,26.88999939,26.88999939,7
04/09/2013,26.88999939,26.88999939,26.88999939,26.88999939,6000
10/09/2013,26.88999939,26.88999939,26.88999939,26.88999939,1728
11/09/2013,26.88999939,26.88999939,26.88999939,26.88999939,960
12/09/2013,26.88999939,26.88999939,26.88999939,26.88999939,24
03/12/2013,26.88999939,26.88999939,26.88999939,26.88999939,51256
09/12/2013,26.88999939,26.88999939,26.88999939,26.88999939,4320
10/12/2013,26.88999939,26.88999939,26.88999939,26.88999939,120
11/12/2013,26.88999939,26.88999939,26.88999939,26.88999939,120
13/12/2013,26.88999939,26.88999939,26.88999939,26.88999939,76
24/12/2013,26.88999939,26.88999939,26.88999939,26.88999939,10680
02/01/2014,26.88999939,26.88999939,26.88999939,26.88999939,1320
30/01/2014,26.88999939,26.88999939,26.88999939,26.88999939,1584
27/02/2014,26.88999939,26.88999939,26.88999939,26.88999939,6600
04/04/2014,26.88999939,26.88999939,26.88999939,26.88999939,120
07/04/2014,26.88999939,26.88999939,26.88999939,26.88999939,1104
30/05/2014,26.88999939,26.88999939,26.88999939,26.88999939,120
02/06/2014,26.88999939,26.88999939,26.88999939,26.88999939,60
05/06/2014,26.88999939,26.88999939,26.88999939,26.88999939,120
18/06/2014,26.88999939,26.88999939,26.88999939,26.88999939,60
23/06/2014,26.88999939,26.88999939,26.88999939,26.88999939,720
08/08/2014,26.88999939,26.88999939,26.88999939,26.88999939,120
12/08/2014,26.88999939,26.88999939,26.88999939,26.88999939,120
25/08/2014,26.88999939,26.88999939,26.88999939,26.88999939,60
13/10/2014,26.88999939,26.88999939,26.88999939,26.88999939,1200
20/10/2014,26.88999939,26.88999939,26.88999939,26.88999939,240
05/11/2014,26.88999939,26.88999939,26.88999939,26.88999939,444
20/11/2014,26.88999939,26.88999939,26.88999939,26.88999939,2688
04/12/2014,26.88999939,26.88999939,26.88999939,26.88999939,24
11/12/2014,26.52000046,26.52000046,26.52000046,26.52000046,2256
12/12/2014,26.52000046,26.52000046,26.52000046,26.52000046,3744
15/12/2014,26.52000046,26.52000046,26.52000046,26.52000046,1200
17/12/2014,26.52000046,26.52000046,26.52000046,26.52000046,240
30/12/2014,26.52000046,26.52000046,26.52000046,26.52000046,120
29/01/2015,26.52000046,26.52000046,26.52000046,26.52000046,1650
27/02/2015,26.52000046,26.52000046,26.52000046,26.52000046,120
16/03/2015,26.52000046,26.52000046,26.52000046,26.52000046,60
25/03/2015,26.52000046,26.52000046,26.52000046,26.52000046,13
29/04/2015,26.52000046,26.52000046,26.52000046,26.52000046,120000
04/05/2015,26.52000046,26.52000046,26.52000046,26.52000046,120
07/05/2015,26.52000046,26.52000046,26.52000046,26.52000046,120
18/05/2015,26.52000046,26.52000046,26.52000046,26.52000046,120
26/05/2015,26.52000046,26.52000046,26.52000046,26.52000046,295
02/06/2015,26.52000046,26.52000046,26.52000046,26.52000046,31
15/06/2015,26.52000046,26.52000046,26.52000046,26.52000046,24
06/07/2015,25.19000053,25.19000053,25.19000053,25.19000053,268800
21/07/2015,25.19000053,25.19000053,25.19000053,25.19000053,8
19/08/2015,25.19000053,25.19000053,25.19000053,25.19000053,384
21/08/2015,25.19000053,25.19000053,25.19000053,25.19000053,612
31/08/2015,25.19000053,25.19000053,25.19000053,25.19000053,1428
14/09/2015,24.81999969,24.81999969,24.81999969,24.81999969,60
16/09/2015,24.81999969,24.81999969,24.81999969,24.81999969,3360
21/09/2015,24.81999969,24.81999969,24.81999969,24.81999969,120
19/10/2015,24.81999969,24.81999969,24.81999969,24.81999969,1200
20/10/2015,24.81999969,24.81999969,24.81999969,24.81999969,120
13/11/2015,24.81999969,24.81999969,24.81999969,24.81999969,1040
30/11/2015,24.81999969,24.81999969,24.81999969,24.81999969,158
02/12/2015,24.81999969,24.81999969,24.81999969,24.81999969,180
03/12/2015,24.81999969,24.81999969,24.81999969,24.81999969,12
08/12/2015,24.81999969,24.81999969,24.81999969,24.81999969,12
22/12/2015,24.81999969,24.81999969,24.81999969,24.81999969,12
29/12/2015,24.81999969,24.81999969,24.81999969,24.81999969,12
12/01/2016,24.81999969,24.81999969,24.81999969,24.81999969,12
15/01/2016,24.81999969,24.81999969,24.81999969,24.81999969,120
20/01/2016,24.81999969,24.81999969,24.81999969,24.81999969,3
10/02/2016,24.81999969,24.81999969,24.81999969,24.81999969,12
17/02/2016,24.81999969,24.81999969,24.81999969,24.81999969,720
11/04/2016,24.81999969,24.81999969,24.81999969,24.81999969,160
12/04/2016,24.81999969,24.81999969,24.81999969,24.81999969,1188
26/04/2016,24.81999969,24.81999969,24.81999969,24.81999969,120
28/04/2016,24.81999969,24.81999969,24.81999969,24.81999969,32832
10/05/2016,24.81999969,24.81999969,24.81999969,24.81999969,48000
23/05/2016,24.81999969,24.81999969,24.81999969,24.81999969,600
25/05/2016,24.81999969,24.81999969,24.81999969,24.81999969,120
27/05/2016,24.81999969,24.81999969,24.81999969,24.81999969,120
07/06/2016,24.81999969,24.81999969,24.81999969,24.81999969,24
08/06/2016,24.81999969,24.81999969,24.81999969,24.81999969,60
13/06/2016,24.81999969,24.81999969,24.81999969,24.81999969,12
16/06/2016,24.81999969,24.81999969,24.81999969,24.81999969,1800
15/07/2016,24.81999969,24.81999969,24.81999969,24.81999969,222
18/07/2016,24.81999969,24.81999969,24.81999969,24.81999969,96
19/07/2016,24.81999969,24.81999969,24.81999969,24.81999969,1440
20/07/2016,24.81999969,24.81999969,24.81999969,24.81999969,66
21/07/2016,24.81999969,24.81999969,24.81999969,24.81999969,1200
25/07/2016,24.81999969,24.81999969,24.81999969,24.81999969,79
26/07/2016,24.81999969,24.81999969,24.81999969,24.81999969,34
28/07/2016,24.81999969,24.81999969,24.81999969,24.81999969,54
03/08/2016,24.81999969,24.81999969,24.81999969,24.81999969,48
10/08/2016,24.81999969,24.81999969,24.81999969,24.81999969,42
12/08/2016,24.81999969,24.81999969,24.81999969,24.81999969,450
15/08/2016,24.81999969,24.81999969,24.81999969,24.81999969,12
16/08/2016,23.57999992,24.81999969,24.81999969,24.81999969,51
18/08/2016,24.81999969,24.81999969,24.81999969,24.81999969,6
19/08/2016,24.81999969,24.81999969,24.81999969,24.81999969,36
26/08/2016,24.81999969,24.81999969,24.81999969,24.81999969,30
30/08/2016,24.81999969,24.81999969,24.81999969,24.81999969,30
31/08/2016,24.81999969,24.81999969,24.81999969,24.81999969,164
01/09/2016,24.81999969,24.81999969,24.81999969,24.81999969,19800
02/09/2016,24.81999969,24.81999969,24.81999969,24.81999969,48
05/09/2016,24.81999969,24.81999969,24.81999969,24.81999969,31590
08/09/2016,24.81999969,24.81999969,24.81999969,24.81999969,60
14/09/2016,24.81999969,24.81999969,24.81999969,24.81999969,36
15/09/2016,24.81999969,24.81999969,24.81999969,24.81999969,120
26/09/2016,24.81999969,24.81999969,24.81999969,24.81999969,132
27/09/2016,24.81999969,24.81999969,24.81999969,24.81999969,60
28/09/2016,24.81999969,24.81999969,24.81999969,24.81999969,270
04/10/2016,24.81999969,24.81999969,24.81999969,24.81999969,78
06/10/2016,24.81999969,24.81999969,24.81999969,24.81999969,42
10/10/2016,24.81999969,24.81999969,24.81999969,24.81999969,25062
13/10/2016,24.81999969,24.81999969,24.81999969,24.81999969,1200
14/10/2016,24.81999969,24.81999969,24.81999969,24.81999969,42
19/10/2016,24.81999969,24.81999969,24.81999969,24.81999969,192
20/10/2016,24.81999969,24.81999969,24.81999969,24.81999969,42
28/10/2016,24.44000053,24.44000053,24.44000053,24.44000053,600
31/10/2016,24.44000053,24.44000053,24.44000053,24.44000053,40
02/11/2016,24.44000053,24.44000053,24.44000053,24.44000053,57
09/11/2016,24.44000053,24.44000053,24.44000053,24.44000053,4200
17/11/2016,24.44000053,24.44000053,24.44000053,24.44000053,6
19/12/2016,24.44000053,24.44000053,24.44000053,24.44000053,12000
29/12/2016,24.44000053,24.44000053,24.44000053,24.44000053,120
08/02/2017,24.44000053,24.44000053,24.44000053,24.44000053,6
10/02/2017,24.44000053,24.44000053,24.44000053,24.44000053,24
13/02/2017,24.44000053,24.44000053,24.44000053,24.44000053,36
17/02/2017,24.44000053,24.44000053,24.44000053,24.44000053,12
24/03/2017,24.44000053,24.44000053,24.44000053,24.44000053,120
21/04/2017,24.44000053,24.44000053,24.44000053,24.44000053,360
02/05/2017,24.44000053,24.44000053,24.44000053,24.44000053,12
15/05/2017,24.44000053,24.44000053,24.44000053,24.44000053,2400
16/05/2017,24.44000053,24.44000053,24.44000053,24.44000053,12
23/05/2017,24.44000053,24.44000053,24.44000053,24.44000053,33
30/05/2017,23.21999931,23.21999931,23.21999931,23.21999931,464175
06/06/2017,23.21999931,23.21999931,23.21999931,23.21999931,14400
07/06/2017,23.21999931,23.21999931,23.21999931,23.21999931,2569
09/06/2017,23.21999931,23.21999931,23.21999931,23.21999931,7915
13/06/2017,23.21999931,23.21999931,23.21999931,23.21999931,962
16/06/2017,23.21999931,23.21999931,23.21999931,23.21999931,360
06/07/2017,23.21999931,23.21999931,23.21999931,23.21999931,2304
07/07/2017,23.21999931,23.21999931,23.21999931,23.21999931,36000
11/07/2017,23.21999931,23.21999931,23.21999931,23.21999931,127572
12/07/2017,23.21999931,23.21999931,23.21999931,23.21999931,60
18/07/2017,23.21999931,23.21999931,23.21999931,23.21999931,7920
09/08/2017,23.21999931,23.21999931,23.21999931,23.21999931,21852
14/08/2017,23.21999931,23.21999931,23.21999931,23.21999931,600
17/08/2017,23.21999931,23.21999931,23.21999931,23.21999931,3711
21/08/2017,23.21999931,23.21999931,23.21999931,23.21999931,518
31/08/2017,23.21999931,23.21999931,23.21999931,23.21999931,600
15/09/2017,23.21999931,23.21999931,23.21999931,23.21999931,818
19/09/2017,23.22999954,23.22999954,23.22999954,23.22999954,20
22/09/2017,23.22999954,23.22999954,23.22999954,23.22999954,100
06/10/2017,23.22999954,23.22999954,23.22999954,23.22999954,200
09/10/2017,23.22999954,23.22999954,23.22999954,23.22999954,250
31/10/2017,23.22999954,23.22999954,23.22999954,23.22999954,1650
07/11/2017,23.22999954,23.22999954,23.22999954,23.22999954,1120
13/11/2017,23.22999954,23.22999954,23.22999954,23.22999954,10
21/11/2017,23.22999954,23.22999954,23.22999954,23.22999954,849
22/11/2017,23.22999954,23.22999954,23.22999954,23.22999954,81
27/11/2017,23.22999954,23.22999954,23.22999954,23.22999954,90
29/11/2017,23.22999954,23.22999954,23.22999954,23.22999954,250
04/12/2017,23.22999954,23.22999954,23.22999954,23.22999954,150
19/12/2017,23.22999954,23.22999954,23.22999954,23.22999954,672
20/12/2017,23.22999954,23.22999954,23.22999954,23.22999954,448
15/01/2018,23.22999954,23.22999954,23.22999954,23.22999954,1375
23/01/2018,23.22999954,23.22999954,23.22999954,23.22999954,9
26/01/2018,23.22999954,23.22999954,23.22999954,23.22999954,41
13/02/2018,23.25,23.25,23.25,23.25,448
19/02/2018,22.10000038,22.10000038,22.10000038,22.10000038,135986
20/02/2018,22.10000038,22.10000038,22.10000038,22.10000038,93
26/02/2018,22.10000038,22.10000038,22.10000038,22.10000038,1000
02/03/2018,22.10000038,22.10000038,22.10000038,22.10000038,100
05/03/2018,22.10000038,22.10000038,22.10000038,22.10000038,48
06/03/2018,22.10000038,22.10000038,22.10000038,22.10000038,500
07/03/2018,22.10000038,22.10000038,22.10000038,22.10000038,1050
09/03/2018,22.10000038,22.10000038,22.10000038,22.10000038,4359
12/03/2018,22.10000038,22.10000038,22.10000038,22.10000038,13
20/03/2018,22.10000038,22.10000038,22.10000038,22.10000038,100
22/03/2018,22.10000038,22.10000038,22.10000038,22.10000038,1200
23/03/2018,22.10000038,22.10000038,22.10000038,22.10000038,7280
05/04/2018,22.10000038,22.10000038,22.10000038,22.10000038,500
11/04/2018,22.10000038,22.10000038,22.10000038,22.10000038,15257
16/04/2018,22.10000038,22.10000038,22.10000038,22.10000038,950
25/04/2018,22.10000038,22.10000038,22.10000038,22.10000038,33600
30/04/2018,22.10000038,22.10000038,22.10000038,22.10000038,2500
02/05/2018,22.10000038,22.10000038,22.10000038,22.10000038,390
14/05/2018,22.10000038,22.10000038,22.10000038,22.10000038,23
16/05/2018,22.10000038,22.10000038,22.10000038,22.10000038,400
17/05/2018,22.10000038,22.10000038,22.10000038,22.10000038,20317
21/05/2018,22.10000038,22.10000038,22.10000038,22.10000038,1200
24/05/2018,22.10000038,22.10000038,22.10000038,22.10000038,500
25/05/2018,22.10000038,22.10000038,22.10000038,22.10000038,50
01/06/2018,22.10000038,22.10000038,22.10000038,22.10000038,2001
07/06/2018,22.10000038,22.10000038,22.10000038,22.10000038,1
11/06/2018,22.10000038,22.10000038,22.10000038,22.10000038,500
04/07/2018,22.10000038,22.10000038,22.10000038,22.10000038,11
06/07/2018,22.10000038,22.10000038,22.10000038,22.10000038,2
24/07/2018,22.10000038,22.10000038,22.10000038,22.10000038,10
26/07/2018,22.10000038,22.10000038,22.10000038,22.10000038,13622
31/07/2018,22.10000038,22.10000038,22.10000038,22.10000038,30
08/08/2018,22.10000038,22.10000038,22.10000038,22.10000038,600
15/08/2018,22.10000038,22.10000038,22.10000038,22.10000038,20
17/08/2018,22.10000038,22.10000038,22.10000038,22.10000038,200
27/08/2018,22.10000038,22.10000038,22.10000038,22.10000038,16927
31/08/2018,22.10000038,22.10000038,22.10000038,22.10000038,348
05/09/2018,22.10000038,22.10000038,22.10000038,22.10000038,42800
13/09/2018,22.10000038,22.10000038,22.10000038,22.10000038,5020
14/09/2018,22.10000038,22.10000038,22.10000038,22.10000038,10
18/09/2018,22.10000038,22.10000038,22.10000038,22.10000038,5
19/09/2018,22.10000038,22.10000038,22.10000038,22.10000038,100
20/09/2018,22.10000038,22.10000038,22.10000038,22.10000038,5
21/09/2018,22.10000038,22.10000038,22.10000038,22.10000038,4
27/09/2018,22.10000038,22.10000038,22.10000038,22.10000038,60
04/10/2018,22.10000038,22.10000038,22.10000038,22.10000038,100
08/10/2018,22.10000038,22.10000038,22.10000038,22.10000038,20
10/10/2018,22.10000038,22.10000038,22.10000038,22.10000038,2
17/10/2018,22.10000038,22.10000038,22.10000038,22.10000038,1103
18/10/2018,22.10000038,22.10000038,22.10000038,22.10000038,1768
30/10/2018,22.10000038,22.10000038,22.10000038,22.10000038,100
31/10/2018,22.10000038,22.10000038,22.10000038,22.10000038,2109
06/11/2018,22.10000038,22.10000038,22.10000038,22.10000038,1442
21/11/2018,22.10000038,22.10000038,22.10000038,22.10000038,100
22/11/2018,22.10000038,22.10000038,22.10000038,22.10000038,100
27/11/2018,22.10000038,22.10000038,22.10000038,22.10000038,22524
30/11/2018,22.10000038,22.10000038,22.10000038,22.10000038,6600
06/12/2018,22.10000038,22.10000038,22.10000038,22.10000038,50395
10/12/2018,22.10000038,22.10000038,22.10000038,22.10000038,1320
11/12/2018,22.10000038,22.10000038,22.10000038,22.10000038,7920
12/12/2018,22.10000038,22.10000038,22.10000038,22.10000038,21153
17/12/2018,22.10000038,22.10000038,22.10000038,22.10000038,10
28/01/2019,22.10000038,22.10000038,22.10000038,22.10000038,107518
29/01/2019,22.10000038,22.10000038,22.10000038,22.10000038,500
30/01/2019,22.10000038,22.10000038,22.10000038,22.10000038,22
04/02/2019,22.10000038,22.10000038,22.10000038,22.10000038,60
05/02/2019,22.10000038,22.10000038,22.10000038,22.10000038,40
06/02/2019,22.10000038,22.10000038,22.10000038,22.10000038,12984
11/02/2019,22.10000038,22.10000038,22.10000038,22.10000038,100
12/02/2019,22.10000038,22.10000038,22.10000038,22.10000038,20
15/02/2019,22.10000038,22.10000038,22.10000038,22.10000038,35105
26/02/2019,22.10000038,22.10000038,22.10000038,22.10000038,3002
01/03/2019,22.10000038,22.10000038,22.10000038,22.10000038,7728
04/03/2019,22.10000038,22.10000038,22.10000038,22.10000038,34427
07/03/2019,22.10000038,22.10000038,22.10000038,22.10000038,40
22/03/2019,22.10000038,22.10000038,22.10000038,22.10000038,100
11/04/2019,22.10000038,22.10000038,22.10000038,22.10000038,140
25/04/2019,22.10000038,22.10000038,22.10000038,22.10000038,1000
03/05/2019,22.10000038,22.10000038,22.10000038,22.10000038,13800
07/05/2019,22.10000038,22.10000038,22.10000038,22.10000038,10
08/05/2019,22.10000038,22.10000038,22.10000038,22.10000038,10
10/05/2019,22.10000038,22.10000038,22.10000038,22.10000038,10
14/05/2019,22.10000038,22.10000038,22.10000038,22.10000038,1320
16/05/2019,22.10000038,22.10000038,22.10000038,22.10000038,10
30/05/2019,22.10000038,22.10000038,22.10000038,22.10000038,5
06/06/2019,22.10000038,22.10000038,22.10000038,22.10000038,50
13/06/2019,22.10000038,22.10000038,22.10000038,22.10000038,8171
27/06/2019,22.10000038,22.10000038,22.10000038,22.10000038,18
04/07/2019,22.10000038,22.10000038,22.10000038,22.10000038,200
23/07/2019,22.10000038,22.10000038,22.10000038,22.10000038,81
24/07/2019,22.10000038,22.10000038,22.10000038,22.10000038,152
29/07/2019,22.10000038,22.10000038,22.10000038,22.10000038,1995
03/09/2019,22.10000038,22.10000038,22.10000038,22.10000038,100
10/09/2019,22.10000038,22.10000038,22.10000038,22.10000038,3240
13/09/2019,22.10000038,22.10000038,22.10000038,22.10000038,200
27/09/2019,22.10000038,22.10000038,22.10000038,22.10000038,100
01/11/2019,22.10000038,22.10000038,22.10000038,22.10000038,1
12/11/2019,22.10000038,22.10000038,22.10000038,22.10000038,230
13/11/2019,22.10000038,22.10000038,22.10000038,22.10000038,10
19/11/2019,22.10000038,22.10000038,22.10000038,22.10000038,200
12/12/2019,22.10000038,22.10000038,22.10000038,22.10000038,9504
13/12/2019,22.10000038,22.10000038,22.10000038,22.10000038,100
16/12/2019,22.10000038,22.10000038,22.10000038,22.10000038,1184
31/12/2019,22.10000038,22.10000038,22.10000038,22.10000038,2866
27/01/2020,22.10000038,22.10000038,22.10000038,22.10000038,5
30/01/2020,22.10000038,22.10000038,22.10000038,22.10000038,50
21/02/2020,22.10000038,22.10000038,22.10000038,22.10000038,10
02/03/2020,22.10000038,22.10000038,22.10000038,22.10000038,40
04/05/2020,22.10000038,22.10000038,22.10000038,22.10000038,13
30/06/2020,22.10000038,22.10000038,22.10000038,22.10000038,1180
13/07/2020,22.10000038,22.10000038,22.10000038,22.10000038,1
22/07/2020,22.10000038,22.10000038,22.10000038,22.10000038,1792
06/08/2020,22.10000038,22.10000038,22.10000038,22.10000038,57600
24/08/2020,22.10000038,22.10000038,22.10000038,22.10000038,228520
25/08/2020,22.10000038,22.10000038,22.10000038,22.10000038,16500
31/08/2020,22.10000038,22.10000038,22.10000038,22.10000038,4
04/09/2020,22.10000038,22.10000038,22.10000038,22.10000038,10
18/09/2020,22.10000038,22.10000038,22.10000038,22.10000038,100
23/09/2020,22.10000038,22.10000038,22.10000038,22.10000038,2
24/09/2020,22.10000038,22.10000038,22.10000038,22.10000038,25
13/10/2020,22.10000038,22.10000038,22.10000038,22.10000038,50
16/10/2020,22.10000038,22.10000038,22.10000038,22.10000038,52
26/10/2020,22.10000038,22.10000038,22.10000038,22.10000038,25
04/12/2020,22.10000038,22.10000038,22.10000038,22.10000038,1500
23/12/2020,22.10000038,22.10000038,22.10000038,22.10000038,5
29/12/2020,22.10000038,22.10000038,22.10000038,22.10000038,50
31/12/2020,22.10000038,22.10000038,22.10000038,22.10000038,1195
14/01/2021,22.10000038,22.10000038,22.10000038,22.10000038,3126
21/01/2021,22.10000038,22.10000038,22.10000038,22.10000038,900
05/02/2021,22.10000038,22.10000038,22.10000038,22.10000038,900
15/02/2021,22.10000038,22.10000038,22.10000038,22.10000038,16
23/02/2021,22.10000038,22.10000038,22.10000038,22.10000038,2640
04/03/2021,22.10000038,19.89999962,19.89999962,19.89999962,2059840
05/03/2021,19.89999962,19.89999962,19.89999962,19.89999962,11940
09/03/2021,19.89999962,19.89999962,19.89999962,19.89999962,85338
11/03/2021,19.89999962,19.89999962,19.89999962,19.89999962,21
12/03/2021,19.89999962,19.89999962,19.89999962,19.89999962,1973
29/03/2021,19.89999962,19.89999962,19.89999962,19.89999962,9
07/04/2021,19.89999962,19.89999962,19.89999962,19.89999962,1
12/04/2021,19.89999962,19.89999962,19.89999962,19.89999962,3
06/05/2021,19.89999962,19.89999962,19.89999962,19.89999962,1320
10/05/2021,19.89999962,19.89999962,19.89999962,19.89999962,18
17/05/2021,19.89999962,17.95000076,17.95000076,17.95000076,110000
18/05/2021,17.95000076,17.95000076,17.95000076,17.95000076,100
21/05/2021,17.95000076,17.95000076,17.95000076,17.95000076,50
24/05/2021,17.95000076,17.95000076,16.20000076,16.20000076,200000
26/05/2021,16.20000076,16.20000076,16.20000076,16.20000076,500
08/06/2021,16.20000076,16.20000076,16.20000076,16.20000076,50
10/06/2021,16.20000076,16.20000076,16.20000076,16.20000076,92
17/06/2021,16.20000076,16.20000076,16.20000076,16.20000076,0
18/06/2021,16.20000076,16.20000076,16.20000076,16.20000076,274
24/06/2021,16.20000076,16.20000076,16.20000076,16.20000076,0
30/07/2021,16.20000076,16.20000076,16.20000076,16.20000076,6
13/08/2021,16.20000076,16.20000076,16.20000076,16.20000076,180
08/09/2021,16.20000076,16.20000076,16.20000076,16.20000076,1968
20/09/2021,16.20000076,16.20000076,16.20000076,16.20000076,100
21/09/2021,16.20000076,16.20000076,16.20000076,16.20000076,44060
22/09/2021,16.20000076,16.20000076,16.20000076,16.20000076,5178
23/09/2021,16.20000076,16.20000076,16.20000076,16.20000076,440
11/10/2021,16.20000076,16.20000076,16.20000076,16.20000076,100
22/10/2021,16.20000076,16.20000076,16.20000076,16.20000076,300
28/10/2021,16.20000076,16.20000076,16.20000076,16.20000076,100
08/11/2021,16.20000076,16.20000076,16.20000076,16.20000076,1
10/11/2021,16.20000076,16.20000076,16.20000076,16.20000076,150
16/11/2021,16.20000076,16.20000076,16.20000076,16.20000076,500
25/11/2021,16.20000076,16.20000076,16.20000076,16.20000076,60
29/11/2021,16.20000076,16.20000076,16.20000076,16.20000076,10
06/12/2021,16.20000076,16.20000076,16.20000076,16.20000076,5
10/12/2021,16.20000076,16.20000076,16.20000076,16.20000076,3168
10/01/2022,16.20000076,16.20000076,16.20000076,16.20000076,1
19/01/2022,16.20000076,16.20000076,16.20000076,16.20000076,2
07/02/2022,16.20000076,16.20000076,16.20000076,16.20000076,5
10/03/2022,16.20000076,16.20000076,16.20000076,16.20000076,80
17/03/2022,16.20000076,16.20000076,16.20000076,16.20000076,30126
18/03/2022,16.20000076,16.20000076,16.20000076,16.20000076,100
06/05/2022,16.20000076,16.20000076,16.20000076,16.20000076,900
04/07/2022,16.20000076,16.20000076,16.20000076,16.20000076,13
13/07/2022,16.20000076,16.20000076,16.20000076,16.20000076,7920
18/07/2022,16.20000076,16.20000076,16.20000076,16.20000076,2768
03/08/2022,16.20000076,16.20000076,16.20000076,16.20000076,100
15/08/2022,16.20000076,16.20000076,16.20000076,16.20000076,31
09/09/2022,16.20000076,16.20000076,16.20000076,16.20000076,27540
16/09/2022,16.20000076,16.20000076,16.20000076,16.20000076,60
04/10/2022,16.20000076,16.20000076,16.20000076,16.20000076,5
05/10/2022,16.20000076,16.20000076,16.20000076,16.20000076,2
12/10/2022,16.20000076,16.20000076,16.20000076,16.20000076,60
18/11/2022,16.20000076,16.20000076,16.20000076,16.20000076,200
25/11/2022,16.20000076,16.20000076,16.20000076,16.20000076,400
28/11/2022,16.20000076,16.20000076,16.20000076,16.20000076,400
15/12/2022,16.20000076,16.20000076,16.20000076,16.20000076,65
20/01/2023,16.20000076,16.20000076,16.20000076,16.20000076,65
01/02/2023,16.20000076,16.20000076,16.20000076,16.20000076,6
08/02/2023,16.20000076,16.20000076,16.20000076,16.20000076,50
09/02/2023,16.20000076,16.20000076,16.20000076,16.20000076,50
10/02/2023,16.20000076,16.20000076,16.20000076,16.20000076,50
13/02/2023,16.20000076,16.20000076,16.20000076,16.20000076,100
01/03/2023,16.20000076,16.20000076,16.20000076,16.20000076,2140
02/03/2023,16.20000076,16.20000076,16.20000076,16.20000076,1488
03/03/2023,16.20000076,16.20000076,16.20000076,16.20000076,98308
06/03/2023,16.20000076,16.20000076,16.20000076,16.20000076,1840
07/03/2023,16.20000076,16.20000076,16.20000076,16.20000076,14290
08/03/2023,16.20000076,16.20000076,16.20000076,16.20000076,2500
09/03/2023,16.20000076,16.20000076,16.20000076,16.20000076,2130
13/03/2023,16.20000076,16.20000076,16.20000076,16.20000076,2630
14/03/2023,16.20000076,17.75,17.75,17.75,102752
15/03/2023,17.75,17.75,17.75,17.75,850
16/03/2023,17.75,16,16,17.75,31777
17/03/2023,17.75,16,16,17.75,7000
21/03/2023,17.75,19.39999962,19.39999962,17.75,20000
22/03/2023,17.75,19.35000038,16,17.75,3712
23/03/2023,17.75,19,19,17.75,251
24/03/2023,17.75,19.39999962,19.39999962,17.75,10
29/03/2023,17.75,16,16,17.75,22
30/03/2023,17.75,19.35000038,19.35000038,17.75,50
04/04/2023,17.75,19.5,19.5,17.75,2
20/04/2023,17.75,19.35000038,16,17.75,160384
27/04/2023,17.75,16.5,16.5,17.75,10
28/04/2023,17.75,16.5,16.5,17.75,210
04/05/2023,17.75,16.5,16.5,17.75,100
09/05/2023,17.75,16.5,16.5,17.75,59
11/05/2023,17.75,18,18,17.75,3000
15/05/2023,17.75,19.45000076,19.45000076,17.75,100
16/05/2023,17.75,16,16,17.75,5000
14/06/2023,17.75,17.75,17.75,17.75,50
15/06/2023,17.75,17.75,17.75,17.75,1000
20/06/2023,17.75,19.35000038,17.75,17.75,1498
21/06/2023,17.75,17.75,17.75,17.75,10
23/06/2023,17.75,17.75,17.75,17.75,1310
27/06/2023,17.75,16,16,17.75,1100
03/07/2023,17.75,17,17,17.75,5280
04/07/2023,17.75,17.75,17.75,17.75,2
06/07/2023,17.75,18,18,17.75,50
07/07/2023,17.75,18,18,17.75,315
10/07/2023,17.75,17.75,17.75,17.75,500
14/07/2023,17.75,17.89999962,17.89999962,17.75,100
27/07/2023,17.75,17.79999924,17.79999924,17.75,30
07/08/2023,17.75,19.5,19.5,19.5,175435
08/08/2023,19.5,21.45000076,18.10000038,19.5,338551
09/08/2023,19.5,17.79999924,17.54999924,19.5,35049
10/08/2023,19.5,21,17.54999924,19.5,57349
11/08/2023,19.5,17.54999924,17.54999924,17.54999924,231026
14/08/2023,17.54999924,19.25,17.54999924,17.54999924,173
15/08/2023,17.54999924,17.54999924,16.70000076,17.54999924,1584
16/08/2023,17.54999924,19.20000076,19.20000076,17.54999924,10
17/08/2023,17.54999924,19.20000076,16,17.54999924,6088
18/08/2023,17.54999924,19.20000076,15.80000019,17.54999924,1340
21/08/2023,17.54999924,19.20000076,15.80000019,17.54999924,110
28/08/2023,17.54999924,16,16,17.54999924,13820
31/08/2023,17.54999924,18.95000076,17.54999924,17.54999924,6257
01/09/2023,17.54999924,18.95000076,18.95000076,17.54999924,1
04/09/2023,17.54999924,17.54999924,17.54999924,17.54999924,250
05/09/2023,17.54999924,17.54999924,17.54999924,17.54999924,7775
06/09/2023,17.54999924,18.89999962,18.89999962,17.54999924,2
07/09/2023,17.54999924,18.89999962,18.85000038,17.54999924,11
08/09/2023,17.54999924,17,15.80000019,17.54999924,377
13/09/2023,17.54999924,18.85000038,18.85000038,17.54999924,30
14/09/2023,17.54999924,15.89999962,15.89999962,17.54999924,20000
15/09/2023,17.54999924,17.54999924,17.5,17.54999924,660
19/09/2023,17.54999924,17.54999924,17.54999924,17.54999924,150
21/09/2023,17.54999924,15.80000019,15.80000019,17.54999924,11
26/09/2023,17.54999924,15.80000019,15.80000019,17.54999924,103
29/09/2023,17.54999924,15.80000019,15.80000019,17.54999924,250
04/10/2023,17.54999924,15.80000019,15.80000019,17.54999924,1285
05/10/2023,17.54999924,15.80000019,15.80000019,17.54999924,6398
06/10/2023,17.54999924,19,19,17.54999924,100
09/10/2023,17.54999924,17.5,16.20000076,17.54999924,640
10/10/2023,17.54999924,17.5,17.5,17.54999924,95
11/10/2023,17.54999924,17.5,17.5,17.54999924,60
13/10/2023,17.54999924,17.5,17.5,17.54999924,100
16/10/2023,17.54999924,17.5,17.5,17.54999924,200
17/10/2023,17.54999924,17.5,17.5,17.54999924,5
18/10/2023,17.54999924,17.5,17.5,17.54999924,5
24/10/2023,17.54999924,19,19,17.54999924,100
25/10/2023,17.54999924,18.95000076,18.95000076,17.54999924,20
26/10/2023,17.54999924,18,18,17.54999924,600
27/10/2023,17.54999924,17.89999962,17.89999962,17.54999924,50
01/11/2023,17.54999924,17.89999962,17.89999962,17.54999924,100
02/11/2023,17.54999924,17.89999962,17.89999962,17.54999924,100
03/11/2023,17.54999924,18,18,17.54999924,500
08/11/2023,17.54999924,15.80000019,15.80000019,17.54999924,575
09/11/2023,17.54999924,17.54999924,17.54999924,17.54999924,10
10/11/2023,17.54999924,17.54999924,17.54999924,17.54999924,90
13/11/2023,17.54999924,17.5,17.5,17.54999924,1000
14/11/2023,17.54999924,17.5,17.5,17.54999924,1159
16/11/2023,17.54999924,15.80000019,15.80000019,17.54999924,1000
17/11/2023,17.54999924,17.5,17.5,17.54999924,2200
20/11/2023,17.54999924,17.5,17.5,17.54999924,5971
21/11/2023,17.54999924,18.79999924,17.54999924,17.54999924,7600
22/11/2023,17.54999924,17,15.80000019,17.54999924,7801
23/11/2023,17.54999924,19.29999924,19.29999924,19.29999924,178924
24/11/2023,19.29999924,21.20000076,19.35000038,19.29999924,57205
27/11/2023,19.29999924,21.20000076,19.29999924,19.29999924,76682
28/11/2023,19.29999924,19,17.5,19.29999924,4417
29/11/2023,19.29999924,19,19,19.29999924,10000
30/11/2023,19.29999924,19.29999924,18,19.29999924,11000
01/12/2023,19.29999924,17.5,17.5,19.29999924,2710
04/12/2023,19.29999924,19.29999924,19.29999924,19.29999924,115
05/12/2023,19.29999924,20,17.5,19.29999924,2398
06/12/2023,19.29999924,17.60000038,17.5,19.29999924,948
07/12/2023,19.29999924,17.5,17.5,19.29999924,4000
08/12/2023,19.29999924,19.29999924,19.29999924,19.29999924,11000
19/12/2023,19.29999924,19,19,19.29999924,11317
20/12/2023,19.29999924,19,19,19.29999924,2631
22/12/2023,19.29999924,19,19,19.29999924,9084
03/01/2024,19.29999924,17.5,17.5,19.29999924,1368
04/01/2024,19.29999924,18.89999962,17.39999962,19.29999924,29024
08/01/2024,19.29999924,19,19,19.29999924,600
09/01/2024,19.29999924,19,19,19.29999924,250
10/01/2024,19.29999924,18,18,19.29999924,12361
11/01/2024,19.29999924,19,19,19.29999924,4000
19/01/2024,19.29999924,20,18,19.29999924,640
22/01/2024,19.29999924,18,18,19.29999924,610
23/01/2024,19.29999924,20,20,19.29999924,100
24/01/2024,19.29999924,17.39999962,17.39999962,19.29999924,944
25/01/2024,19.29999924,21.14999962,20,19.29999924,200
26/01/2024,19.29999924,17.39999962,17.39999962,19.29999924,445
29/01/2024,19.29999924,17.39999962,17.39999962,19.29999924,4555
07/02/2024,19.29999924,21,21,19.29999924,20
08/02/2024,19.29999924,17.5,17.5,19.29999924,6004
12/02/2024,19.29999924,20.5,18,19.29999924,3668
28/02/2024,19.29999924,20,20,19.29999924,15
29/02/2024,19.29999924,20,20,19.29999924,10
04/03/2024,19.29999924,19.29999924,19.29999924,19.29999924,10
05/03/2024,19.29999924,19.20000076,19.20000076,19.29999924,650
06/03/2024,19.29999924,19.20000076,19.20000076,19.29999924,500
08/03/2024,19.29999924,19.20000076,19.20000076,19.29999924,3
11/03/2024,19.29999924,17.39999962,17.39999962,19.29999924,500
12/03/2024,19.29999924,19.20000076,19.20000076,19.29999924,390
02/04/2024,19.29999924,19.29999924,19.29999924,19.29999924,1
24/04/2024,19.29999924,19.14999962,19.14999962,19.29999924,15
25/04/2024,19.29999924,19.14999962,19.14999962,19.29999924,10
26/04/2024,19.29999924,21.20000076,21.20000076,19.29999924,28
30/04/2024,19.29999924,19.20000076,19.20000076,19.29999924,40
08/05/2024,19.29999924,19.29999924,19.29999924,19.29999924,1
21/05/2024,19.29999924,19.29999924,19.29999924,19.29999924,12
22/05/2024,19.29999924,19.29999924,19.29999924,19.29999924,1
29/05/2024,19.29999924,17.39999962,17.39999962,19.29999924,1260
07/06/2024,19.29999924,21,21,19.29999924,1
10/06/2024,19.29999924,21,21,19.29999924,483
14/06/2024,19.29999924,21.20000076,21,19.29999924,5001
19/06/2024,19.29999924,21,17.39999962,19.29999924,95667
20/06/2024,19.29999924,21,21,19.29999924,5
21/06/2024,19.29999924,21,21,19.29999924,500
25/06/2024,19.29999924,21.10000038,21.10000038,19.29999924,210
01/07/2024,19.29999924,21,21,19.29999924,10500
02/07/2024,19.29999924,17.39999962,17.39999962,19.29999924,5294
08/07/2024,19.29999924,19.29999924,19.29999924,19.29999924,11
10/07/2024,19.29999924,19.29999924,19.29999924,19.29999924,30
15/07/2024,19.29999924,20.64999962,17.39999962,19.29999924,15949
16/07/2024,19.29999924,20.64999962,17.39999962,19.29999924,15990
17/07/2024,19.29999924,20.64999962,17.39999962,19.29999924,4910
18/07/2024,19.29999924,19.25,19.25,19.29999924,200
19/07/2024,19.29999924,19.20000076,17.39999962,19.29999924,1477
22/07/2024,19.29999924,19.14999962,19.14999962,19.29999924,10
24/07/2024,19.29999924,19.14999962,19.14999962,19.29999924,200
25/07/2024,19.29999924,19.14999962,19.14999962,19.29999924,1
29/07/2024,19.29999924,19,19,19.29999924,73
30/07/2024,19.29999924,18.95000076,18.95000076,19.29999924,1500
31/07/2024,19.29999924,19.29999924,19.29999924,19.29999924,0
01/08/2024,19.29999924,19.29999924,19.29999924,19.29999924,0
02/08/2024,19.29999924,19.29999924,18.85000038,19.29999924,250
05/08/2024,19.29999924,19.29999924,18.85000038,19.29999924,50
06/08/2024,19.29999924,19.29999924,19.29999924,19.29999924,500
07/08/2024,19.29999924,19.29999924,19.29999924,19.29999924,120
09/08/2024,19.29999924,19.29999924,19.29999924,19.29999924,5
13/08/2024,19.29999924,19.29999924,19.29999924,19.29999924,50
14/08/2024,19.29999924,19.29999924,19.29999924,19.29999924,775
15/08/2024,19.29999924,19.29999924,19.29999924,19.29999924,5
16/08/2024,19.29999924,19.29999924,19.29999924,19.29999924,500
20/08/2024,19.29999924,19.29999924,19.29999924,19.29999924,5
23/08/2024,19.29999924,19.29999924,19.29999924,19.29999924,52
26/08/2024,19.29999924,19.29999924,19.29999924,19.29999924,400
27/08/2024,19.29999924,19.29999924,19.29999924,19.29999924,3538
28/08/2024,19.29999924,19.29999924,19.29999924,19.29999924,6672
29/08/2024,19.29999924,19.29999924,19.29999924,19.29999924,710
30/08/2024,19.29999924,19.29999924,19.29999924,19.29999924,12232
02/09/2024,19.29999924,19.29999924,19.29999924,19.29999924,100
03/09/2024,19.29999924,19.29999924,19.29999924,19.29999924,100
04/09/2024,19.29999924,19.29999924,19.29999924,19.29999924,2633
09/09/2024,19.29999924,19.29999924,19.29999924,19.29999924,39
11/09/2024,19.29999924,19.29999924,19.29999924,19.29999924,299
12/09/2024,19.29999924,19.29999924,19.29999924,19.29999924,70
13/09/2024,19.29999924,19.29999924,19.29999924,19.29999924,5600
17/09/2024,19.29999924,19.29999924,19.29999924,19.29999924,49130
18/09/2024,19.29999924,19.29999924,19.29999924,19.29999924,2800
19/09/2024,19.29999924,19.29999924,19.29999924,19.29999924,16
20/09/2024,19.29999924,19.29999924,19.29999924,19.29999924,50
23/09/2024,19.29999924,19.29999924,19.29999924,19.29999924,775
24/09/2024,19.29999924,19.29999924,19.29999924,19.29999924,50
25/09/2024,19.29999924,19.29999924,19.29999924,19.29999924,5
26/09/2024,19.29999924,19.29999924,19.29999924,19.29999924,2039
27/09/2024,19.29999924,19.29999924,19.29999924,19.29999924,2023
30/09/2024,19.29999924,19.29999924,19.29999924,19.29999924,150
02/10/2024,19.29999924,19.29999924,19.29999924,19.29999924,10
04/10/2024,19.29999924,19.29999924,19.29999924,19.29999924,155
09/10/2024,19.29999924,19.29999924,19.29999924,19.29999924,5120
10/10/2024,19.29999924,19.29999924,19.29999924,19.29999924,70
11/10/2024,19.29999924,19.29999924,19.29999924,19.29999924,15
14/10/2024,19.29999924,19.29999924,19.29999924,19.29999924,2000
15/10/2024,19.29999924,19.29999924,19.29999924,19.29999924,20
18/10/2024,19.29999924,19.29999924,19.29999924,19.29999924,50
23/10/2024,19.29999924,19.29999924,19.29999924,19.29999924,60
24/10/2024,19.29999924,19.29999924,19.29999924,19.29999924,89
28/10/2024,19.29999924,19.29999924,19.29999924,19.29999924,500
29/10/2024,19.29999924,19.29999924,19.29999924,19.29999924,600
30/10/2024,19.29999924,19.29999924,19.29999924,19.29999924,300
31/10/2024,19.29999924,19.29999924,19.29999924,19.29999924,23575
04/11/2024,19.29999924,19.29999924,19.29999924,19.29999924,1000
05/11/2024,19.29999924,19.29999924,19.29999924,19.29999924,300
07/11/2024,19.29999924,19.29999924,19.29999924,19.29999924,851
08/11/2024,19.29999924,19.29999924,19.29999924,19.29999924,52
11/11/2024,19.29999924,19.29999924,19.29999924,19.29999924,1123
15/11/2024,19.29999924,19.29999924,19.29999924,19.29999924,3
19/11/2024,19.29999924,19.29999924,19.29999924,19.29999924,26
22/11/2024,19.29999924,19.29999924,19.29999924,19.29999924,11
28/11/2024,19.29999924,19.29999924,19.29999924,19.29999924,51
29/11/2024,19.29999924,19.29999924,19.29999924,19.29999924,4009
02/12/2024,19.29999924,19.29999924,19.29999924,19.29999924,20
05/12/2024,19.29999924,19.29999924,19.29999924,19.29999924,9000
10/12/2024,19.29999924,19.29999924,19.29999924,19.29999924,31
11/12/2024,19.29999924,19.29999924,19.29999924,19.29999924,15
13/12/2024,19.29999924,19.29999924,19.29999924,19.29999924,102
20/12/2024,19.29999924,19.29999924,19.29999924,19.29999924,28
27/12/2024,19.29999924,19.29999924,19.29999924,19.29999924,147
31/12/2024,19.29999924,19.29999924,19.29999924,19.29999924,88
03/01/2025,19.29999924,19.29999924,19.29999924,19.29999924,300
06/01/2025,19.29999924,19.29999924,19.29999924,19.29999924,20020
07/01/2025,19.29999924,19.29999924,19.29999924,19.29999924,100
13/01/2025,19.29999924,19.29999924,19.29999924,19.29999924,5
15/01/2025,19.29999924,19.29999924,19.29999924,19.29999924,400
17/01/2025,19.29999924,19.29999924,19.29999924,19.29999924,2
20/01/2025,19.29999924,19.29999924,19.29999924,19.29999924,9100
21/01/2025,19.29999924,19.29999924,19.29999924,19.29999924,61307
24/01/2025,19.29999924,19.29999924,19.29999924,19.29999924,57911
27/01/2025,19.29999924,19.29999924,19.29999924,19.29999924,14500
28/01/2025,19.29999924,19.29999924,19.29999924,19.29999924,5022
30/01/2025,19.29999924,21.20000076,21.20000076,21.20000076,103520
31/01/2025,21.20000076,21.20000076,21.20000076,21.20000076,0
03/02/2025,21.20000076,21.20000076,21.20000076,21.20000076,0
04/02/2025,21.20000076,21.20000076,21.20000076,21.20000076,0
05/02/2025,21.20000076,21.20000076,21.20000076,21.20000076,0
06/02/2025,21.20000076,21.20000076,21.20000076,21.20000076,0
07/02/2025,21.20000076,21.20000076,21.20000076,21.20000076,23556
11/02/2025,21.20000076,21.20000076,21.20000076,21.20000076,800
12/02/2025,21.20000076,21.20000076,21.20000076,21.20000076,34930
17/02/2025,21.20000076,23.20000076,23.20000076,23.20000076,103102
19/02/2025,23.20000076,23.20000076,23.20000076,23.20000076,6804
20/02/2025,23.20000076,23.20000076,23.20000076,23.20000076,2442
24/02/2025,23.20000076,23.20000076,23.20000076,23.20000076,22555
25/02/2025,23.20000076,23.20000076,23.20000076,23.20000076,8700
26/02/2025,23.20000076,23.20000076,23.20000076,23.20000076,328
27/02/2025,23.20000076,23.20000076,23.20000076,23.20000076,2151
03/03/2025,23.20000076,23.20000076,23.20000076,23.20000076,4159
04/03/2025,23.20000076,23.20000076,23.20000076,23.20000076,40
05/03/2025,23.20000076,23.20000076,23.20000076,23.20000076,200
06/03/2025,23.20000076,23.20000076,23.20000076,23.20000076,45
07/03/2025,23.20000076,23.20000076,23.20000076,23.20000076,52
10/03/2025,23.20000076,23.20000076,23.20000076,23.20000076,558
11/03/2025,23.20000076,23.20000076,23.20000076,23.20000076,88
12/03/2025,23.20000076,23.20000076,23.20000076,23.20000076,104
13/03/2025,23.20000076,23.20000076,23.20000076,23.20000076,20
14/03/2025,23.20000076,25.29999924,25.29999924,25.29999924,171412
17/03/2025,25.29999924,25.29999924,25.29999924,25.29999924,50583
18/03/2025,25.29999924,25.29999924,25.29999924,25.29999924,22093
19/03/2025,25.29999924,25.29999924,25.29999924,25.29999924,1846
20/03/2025,25.29999924,25.29999924,25.29999924,25.29999924,3065
21/03/2025,25.29999924,25.29999924,25.29999924,25.29999924,5
24/03/2025,25.29999924,25.29999924,25.29999924,25.29999924,17291
25/03/2025,25.29999924,25.29999924,25.29999924,25.29999924,3168
26/03/2025,25.29999924,25.29999924,25.29999924,25.29999924,944
27/03/2025,25.29999924,25.29999924,25.29999924,25.29999924,8800
28/03/2025,25.29999924,25.29999924,25.29999924,25.29999924,165
02/04/2025,25.29999924,25.29999924,25.29999924,25.29999924,8170
03/04/2025,25.29999924,25.29999924,25.29999924,25.29999924,533
04/04/2025,25.29999924,25.29999924,25.29999924,25.29999924,3168
08/04/2025,25.29999924,25.29999924,25.29999924,25.29999924,600
11/04/2025,25.29999924,25.29999924,25.29999924,25.29999924,1013
14/04/2025,25.29999924,25.29999924,25.29999924,25.29999924,2
15/04/2025,25.29999924,25.29999924,25.29999924,25.29999924,8
16/04/2025,25.29999924,25.29999924,25.29999924,25.29999924,103
22/04/2025,25.29999924,25.29999924,25.29999924,25.29999924,80
25/04/2025,25.29999924,25.29999924,25.29999924,25.29999924,60
28/04/2025,25.29999924,25.29999924,25.29999924,25.29999924,2505
30/04/2025,25.29999924,25.29999924,25.29999924,25.29999924,1000
02/05/2025,25.29999924,25.29999924,25.29999924,25.29999924,4158
08/05/2025,25.29999924,25.29999924,25.29999924,25.29999924,115
12/05/2025,25.29999924,25.29999924,25.29999924,25.29999924,67
14/05/2025,25.29999924,25.29999924,25.29999924,25.29999924,5
15/05/2025,25.29999924,25.29999924,25.29999924,25.29999924,800
16/05/2025,25.29999924,25.29999924,25.29999924,25.29999924,1642
19/05/2025,25.29999924,25.29999924,25.29999924,25.29999924,1
20/05/2025,25.29999924,25.29999924,25.29999924,25.29999924,0
21/05/2025,25.29999924,25.29999924,25.29999924,25.29999924,0
22/05/2025,25.29999924,25.29999924,25.29999924,25.29999924,0
23/05/2025,25.29999924,25.29999924,25.29999924,25.29999924,10
26/05/2025,25.29999924,25.29999924,25.29999924,25.29999924,0
27/05/2025,25.29999924,25.29999924,25.29999924,25.29999924,0
28/05/2025,25.29999924,22.79999924,22.79999924,22.79999924,1867413
29/05/2025,22.79999924,22.79999924,22.79999924,22.79999924,181403
30/05/2025,22.79999924,20.54999924,20.54999924,20.54999924,145329
02/06/2025,20.54999924,20.54999924,20.54999924,20.54999924,19592
03/06/2025,20.54999924,20.54999924,20.54999924,20.54999924,66780
04/06/2025,20.54999924,20.54999924,20.54999924,20.54999924,23079
05/06/2025,20.54999924,20.54999924,20.54999924,20.54999924,14139
10/06/2025,20.54999924,20.54999924,20.54999924,20.54999924,35328
11/06/2025,20.54999924,20.54999924,20.54999924,20.54999924,1360
13/06/2025,20.54999924,18.5,18.5,18.5,553456
16/06/2025,18.5,18.5,18.5,18.5,42175
17/06/2025,18.5,18.5,18.5,18.5,483780
18/06/2025,18.5,18.5,18.5,18.5,6647
19/06/2025,18.5,18.5,18.5,18.5,19310
20/06/2025,18.5,18.5,18.5,18.5,14550
23/06/2025,18.5,18.5,18.5,18.5,7000
24/06/2025,18.5,18.5,18.5,18.5,100
25/06/2025,18.5,18.5,18.5,18.5,0
26/06/2025,18.5,18.5,18.5,18.5,0
27/06/2025,18.5,18.5,18.5,18.5,0
30/06/2025,18.5,18.5,18.5,18.5,151
01/07/2025,18.5,18.5,18.5,18.5,638
02/07/2025,18.5,18.5,18.5,18.5,0
03/07/2025,18.5,18.5,18.5,18.5,783
04/07/2025,18.5,18.5,18.5,18.5,500
07/07/2025,18.5,18.5,18.5,18.5,0
08/07/2025,18.5,18.5,18.5,18.5,0
09/07/2025,18.5,20.35000038,20.35000038,20.35000038,163603
10/07/2025,20.35000038,20.35000038,20.35000038,20.35000038,34525
11/07/2025,20.35000038,20.35000038,20.35000038,20.35000038,8554
14/07/2025,20.35000038,20.35000038,20.35000038,20.35000038,27496
16/07/2025,20.35000038,20.35000038,20.35000038,20.35000038,1800
17/07/2025,20.35000038,20.35000038,20.35000038,20.35000038,12094
18/07/2025,20.35000038,20.35000038,20.35000038,20.35000038,1800
21/07/2025,20.35000038,20.35000038,20.35000038,20.35000038,0
22/07/2025,20.35000038,22.35000038,20,22.35000038,883602
23/07/2025,22.35000038,24.54999924,24.54999924,24.54999924,239530
24/07/2025,24.54999924,24.54999924,24.54999924,24.54999924,64114
25/07/2025,24.54999924,27,27,27,110033
28/07/2025,27,27,27,27,55500
29/07/2025,27,27,27,27,8593
30/07/2025,27,27,27,27,14866
31/07/2025,27,27,27,27,139550
01/08/2025,27,27,27,27,68769
04/08/2025,27,27,27,27,131960
05/08/2025,27,29.70000076,29.70000076,29.70000076,128664
06/08/2025,29.70000076,29.70000076,29.70000076,29.70000076,97597
07/08/2025,29.70000076,29.70000076,29.70000076,29.70000076,1910
08/08/2025,29.70000076,29.70000076,29.70000076,29.70000076,25413
11/08/2025,29.70000076,32.65000153,32.65000153,32.65000153,168011
12/08/2025,32.65000153,32.65000153,32.65000153,32.65000153,40601
13/08/2025,32.65000153,32.65000153,32.65000153,32.65000153,35468
14/08/2025,32.65000153,32.65000153,32.65000153,32.65000153,1945
15/08/2025,32.65000153,32.65000153,32.65000153,32.65000153,4613
18/08/2025,32.65000153,32.65000153,32.65000153,32.65000153,27833
19/08/2025,32.65000153,35.90000153,29.39999962,35.90000153,489534
20/08/2025,35.90000153,39,32.34999847,39,643847
21/08/2025,39,39,39,39,58020
22/08/2025,39,39,39,39,12996
25/08/2025,39,39,39,39,9217
26/08/2025,39,39,39,39,87914
27/08/2025,39,39,39,39,1664
28/08/2025,39,39,39,39,350
29/08/2025,39,39,39,39,187
01/09/2025,39,39,39,39,200413
02/09/2025,39,39,39,39,2342
03/09/2025,39,39,39,39,39072
04/09/2025,39,39,39,39,462
08/09/2025,39,35.09999847,35.09999847,35.09999847,253895
09/09/2025,35.09999847,35.09999847,35.09999847,35.09999847,4603
10/09/2025,35.09999847,35.09999847,35.09999847,35.09999847,1300
11/09/2025,35.09999847,35.09999847,35.09999847,35.09999847,15605
12/09/2025,35.09999847,35.09999847,35.09999847,35.09999847,0
15/09/2025,35.09999847,35.09999847,35.09999847,35.09999847,1150
16/09/2025,35.09999847,35.09999847,35.09999847,35.09999847,2380
17/09/2025,35.09999847,35.09999847,35.09999847,35.09999847,0
18/09/2025,35.09999847,35.09999847,35.09999847,35.09999847,1452
19/09/2025,35.09999847,35.09999847,35.09999847,35.09999847,0
22/09/2025,35.09999847,35.09999847,35.09999847,35.09999847,0
23/09/2025,35.09999847,35.09999847,35.09999847,35.09999847,31488
24/09/2025,35.09999847,35.09999847,35.09999847,35.09999847,2482
25/09/2025,35.09999847,35.09999847,35.09999847,35.09999847,3176
26/09/2025,35.09999847,35.09999847,35.09999847,35.09999847,603
29/09/2025,35.09999847,35.09999847,35.09999847,35.09999847,0
30/09/2025,35.09999847,38.59999847,38.59999847,38.59999847,108748
02/10/2025,38.59999847,38.59999847,38.59999847,38.59999847,4553
03/10/2025,38.59999847,42.45000076,42.45000076,42.45000076,106224
06/10/2025,42.45000076,42.45000076,42.45000076,42.45000076,53107
07/10/2025,42.45000076,42.45000076,42.45000076,42.45000076,44973
08/10/2025,42.45000076,42.45000076,42.45000076,42.45000076,1209
09/10/2025,42.45000076,42.45000076,42.45000076,42.45000076,41927
10/10/2025,42.45000076,42.45000076,42.45000076,42.45000076,46358
13/10/2025,42.45000076,42.45000076,42.45000076,42.45000076,5114
14/10/2025,42.45000076,42.45000076,42.45000076,42.45000076,160705
15/10/2025,42.45000076,42.45000076,42.45000076,42.45000076,18199
16/10/2025,42.45000076,42.45000076,42.45000076,42.45000076,0
17/10/2025,42.45000076,42.45000076,42.45000076,42.45000076,2806
20/10/2025,42.45000076,45,45,45,165051
21/10/2025,45,45,45,45,14108
22/10/2025,45,45,45,45,2429
23/10/2025,45,45,45,45,127900
24/10/2025,45,45,45,45,716
27/10/2025,45,45,45,45,2330
28/10/2025,45,45,45,45,1711
29/10/2025,45,45,45,45,56288
30/10/2025,45,45,45,45,80494
31/10/2025,45,45,45,45,4638
03/11/2025,45,45,45,45,1433
04/11/2025,45,45,45,45,705
05/11/2025,45,45,45,45,14160
06/11/2025,45,45,45,45,120
07/11/2025,45,45,45,45,10400
10/11/2025,45,45,45,45,5200
11/11/2025,45,45,45,45,21
12/11/2025,45,45,45,45,61
13/11/2025,45,45,45,45,188
14/11/2025,45,45,45,45,2198
17/11/2025,45,40.5,40.5,40.5,144432
18/11/2025,40.5,40.5,40.5,40.5,1743
19/11/2025,40.5,40.5,40.5,40.5,0
20/11/2025,40.5,40.5,40.5,40.5,72
21/11/2025,40.5,40.5,40.5,40.5,125
24/11/2025,40.5,40.5,40.5,40.5,16
25/11/2025,40.5,40.5,40.5,40.5,0
26/11/2025,40.5,40.5,40.5,40.5,3435
27/11/2025,40.5,40.5,40.5,40.5,596
28/11/2025,40.5,40.5,40.5,40.5,141
01/12/2025,40.5,40.5,40.5,40.5,300
02/12/2025,40.5,40.5,40.5,40.5,0
03/12/2025,40.5,40.5,40.5,40.5,302
04/12/2025,40.5,40.5,40.5,40.5,9
05/12/2025,40.5,40.5,40.5,40.5,0
08/12/2025,40.5,40.5,40.5,40.5,1200
09/12/2025,40.5,40.5,40.5,40.5,0
10/12/2025,40.5,40.5,40.5,40.5,140
11/12/2025,40.5,40.5,40.5,40.5,33
12/12/2025,40.5,40.5,40.5,40.5,0
15/12/2025,40.5,40.5,40.5,40.5,130
16/12/2025,40.5,40.5,40.5,40.5,1810
17/12/2025,40.5,40.5,40.5,40.5,569
18/12/2025,40.5,40.5,40.5,40.5,30
19/12/2025,40.5,40.5,40.5,40.5,3089
22/12/2025,40.5,40.5,40.5,40.5,1267
23/12/2025,40.5,40.5,40.5,40.5,0
24/12/2025,40.5,40.5,40.5,40.5,150
29/12/2025,40.5,40.5,40.5,40.5,2420
30/12/2025,40.5,40.5,40.5,40.5,1000
31/12/2025,40.5,40.5,40.5,40.5,0
02/01/2026,40.5,40.5,40.5,40.5,5
05/01/2026,40.5,40.5,40.5,40.5,1740
06/01/2026,40.5,40.5,40.5,40.5,1800
07/01/2026,40.5,40.5,40.5,40.5,11000
08/01/2026,40.5,40.5,40.5,40.5,7500
09/01/2026,40.5,40.5,40.5,40.5,3200
12/01/2026,40.5,40.5,40.5,40.5,705
13/01/2026,40.5,40.5,40.5,40.5,0
14/01/2026,40.5,40.5,40.5,40.5,562
15/01/2026,40.5,40.5,40.5,40.5,579
16/01/2026,40.5,40.5,40.5,40.5,290
19/01/2026,40.5,40.5,40.5,40.5,8600
20/01/2026,40.5,40.5,40.5,40.5,0
21/01/2026,40.5,40.5,40.5,40.5,2297
22/01/2026,40.5,40.5,40.5,40.5,45952
23/01/2026,40.5,40.5,40.5,40.5,3308
26/01/2026,40.5,40.5,40.5,40.5,117
27/01/2026,40.5,40.5,40.5,40.5,2503
28/01/2026,40.5,40.5,40.5,40.5,750
29/01/2026,40.5,40.5,40.5,40.5,648
30/01/2026,40.5,40.5,40.5,40.5,166
02/02/2026,40.5,40.5,40.5,40.5,500
03/02/2026,40.5,40.5,40.5,40.5,500
04/02/2026,40.5,40.5,40.5,40.5,0
05/02/2026,40.5,40.5,40.5,40.5,0
06/02/2026,40.5,40.5,40.5,40.5,500
09/02/2026,40.5,40.5,40.5,40.5,280
10/02/2026,40.5,40.5,40.5,40.5,450
11/02/2026,40.5,40.5,40.5,40.5,133
12/02/2026,40.5,40.5,40.5,40.5,21151
13/02/2026,40.5,40.5,40.5,40.5,5163
16/02/2026,40.5,40.5,40.5,40.5,3181
17/02/2026,40.5,40.5,40.5,40.5,8268
18/02/2026,40.5,40.5,40.5,40.5,2695
19/02/2026,40.5,40.5,40.5,40.5,0
20/02/2026,40.5,40.5,40.5,40.5,0
23/02/2026,40.5,40.5,40.5,40.5,3148
24/02/2026,40.5,40.5,40.5,40.5,7418
25/02/2026,40.5,40.5,40.5,40.5,5662
26/02/2026,40.5,36.5,36.5,36.5,106921
27/02/2026,36.5,36.5,36.5,36.5,7247
02/03/2026,36.5,36.5,36.5,36.5,60
03/03/2026,36.5,37,37,37,120031
04/03/2026,37,37,37,37,26350
05/03/2026,37,37,37,37,1334
06/03/2026,37,37,37,37,10812
09/03/2026,37,37,37,37,5817
10/03/2026,37,37,37,37,15734
11/03/2026,37,37,37,37,19201
12/03/2026,37,37,37,37,877
13/03/2026,37,37,37,37,761
16/03/2026,37,37,37,37,460
17/03/2026,37,37,37,37,5131
18/03/2026,37,37,37,37,4289
23/03/2026,37,37,37,37,2370
24/03/2026,37,37,37,37,300
25/03/2026,37,37,37,37,647
26/03/2026,37,37,37,37,350
27/03/2026,37,37,37,37,363
30/03/2026,37,37,37,37,1980
31/03/2026,37,37,37,37,505
01/04/2026,37,37,37,37,14085
02/04/2026,37,37,37,37,3237
07/04/2026,37,37,37,37,4755
08/04/2026,37,37,37,37,35
09/04/2026,37,37,37,37,2015
10/04/2026,37,37,37,37,100
13/04/2026,37,37,37,37,0
14/04/2026,37,37,37,37,1000
15/04/2026,37,37,37,37,1200
16/04/2026,37,37,37,37,0
17/04/2026,37,37,37,37,684
20/04/2026,37,37,37,37,7102
21/04/2026,37,37,37,37,0
22/04/2026,37,37,37,37,0
23/04/2026,37,37,37,37,0
24/04/2026,37,37,37,37,110
27/04/2026,37,37,37,37,1555
28/04/2026,37,37,37,37,0
29/04/2026,37,37,37,37,0
30/04/2026,37,37,37,37,0
04/05/2026,37,37,37,37,0
05/05/2026,37,37,37,37,184
06/05/2026,37,37,37,37,50
07/05/2026,37,37,37,37,1900
08/05/2026,37,37,37,37,1000
11/05/2026,37,37,37,37,13624
12/05/2026,37,37,37,37,4
13/05/2026,37,37,37,37,20970
14/05/2026,37,37,37,37,5010
15/05/2026,37,37,37,37,0
