Date,open,high,low,close,volume
2022-06-30,196.05999755859375,198.0,195.02999877929688,198.0,5010
2022-08-04,198.0,193.25,193.25,193.25,10
2022-08-05,193.25,190.92999267578125,190.92999267578125,190.92999267578125,10
2022-08-09,190.92999267578125,189.42999267578125,189.42999267578125,189.42999267578125,10
2022-08-10,189.42999267578125,187.92999267578125,187.92999267578125,187.92999267578125,10
2022-08-12,187.92999267578125,186.42999267578125,186.42999267578125,186.42999267578125,10
2022-08-16,186.42999267578125,183.92999267578125,183.92999267578125,183.92999267578125,10
2022-08-17,183.92999267578125,182.42999267578125,182.42999267578125,182.42999267578125,10
2022-08-29,182.42999267578125,180.92999267578125,180.92999267578125,180.92999267578125,10
2022-09-09,180.92999267578125,173.92999267578125,173.92999267578125,173.92999267578125,10
2022-09-30,173.92999267578125,170.42999267578125,170.42999267578125,170.42999267578125,2000
2022-10-21,170.42999267578125,168.92999267578125,168.92999267578125,168.92999267578125,10
2022-11-15,168.92999267578125,165.92999267578125,165.92999267578125,165.92999267578125,10
2023-01-17,165.92999267578125,165.42999267578125,165.42999267578125,165.42999267578125,10
2023-01-20,165.42999267578125,164.92999267578125,164.92999267578125,164.92999267578125,10
2023-01-23,164.92999267578125,164.42999267578125,164.42999267578125,164.42999267578125,10
2023-01-24,164.42999267578125,163.92999267578125,163.92999267578125,163.92999267578125,10
2023-01-25,163.92999267578125,163.42999267578125,163.42999267578125,163.42999267578125,10
2023-02-10,163.42999267578125,162.92999267578125,162.92999267578125,162.92999267578125,10
2023-02-17,162.92999267578125,162.42999267578125,162.42999267578125,162.42999267578125,10
2023-03-16,162.42999267578125,161.92999267578125,161.92999267578125,161.92999267578125,5
2023-03-17,161.92999267578125,161.42999267578125,161.42999267578125,161.42999267578125,5
2023-03-21,161.42999267578125,160.92999267578125,160.92999267578125,160.92999267578125,5
2023-03-22,160.92999267578125,160.42999267578125,160.42999267578125,160.42999267578125,5
2023-03-24,160.42999267578125,159.92999267578125,159.92999267578125,159.92999267578125,5
2023-03-28,159.92999267578125,159.42999267578125,159.42999267578125,159.42999267578125,5
2023-03-29,159.42999267578125,158.92999267578125,158.92999267578125,158.92999267578125,5
2023-03-31,158.92999267578125,158.42999267578125,158.42999267578125,158.42999267578125,5
2023-04-04,158.42999267578125,157.92999267578125,157.92999267578125,157.92999267578125,5
2023-04-06,157.92999267578125,157.42999267578125,157.42999267578125,157.42999267578125,5
2023-04-14,157.42999267578125,157.42999267578125,156.92999267578125,156.92999267578125,15
2023-04-20,156.92999267578125,156.42999267578125,156.42999267578125,156.42999267578125,5
2023-04-26,156.42999267578125,155.0,155.0,155.0,4
2023-04-27,155.0,155.0,155.0,155.0,25
2023-04-28,155.0,155.0,155.0,155.0,505
2023-05-04,155.0,155.0,155.0,155.0,9945
2023-05-05,155.0,155.0,155.0,155.0,4203
2023-05-11,155.0,155.0,155.0,155.0,4386
2023-05-12,155.0,155.0,155.0,155.0,100
2023-05-15,155.0,155.0,155.0,155.0,5000
2023-05-17,155.0,148.3000030517578,148.3000030517578,148.3000030517578,10
2023-05-25,148.3000030517578,148.3000030517578,148.3000030517578,148.3000030517578,15076
2023-06-20,148.3000030517578,143.39999389648438,143.39999389648438,143.39999389648438,5
2023-06-22,143.39999389648438,300.0,143.39999389648438,143.39999389648438,87
2023-06-23,143.39999389648438,143.39999389648438,143.39999389648438,143.39999389648438,19
2023-06-26,143.39999389648438,143.39999389648438,143.39999389648438,143.39999389648438,9961
2023-06-27,143.39999389648438,300.0,143.39999389648438,143.39999389648438,17
2023-07-04,143.39999389648438,300.0,300.0,300.0,12
2023-07-05,300.0,300.0,148.8300018310547,148.8300018310547,51
2023-08-04,148.8300018310547,148.5,148.5,148.5,5
2023-08-08,148.5,148.60000610351562,148.5,148.5,59
2023-08-09,148.5,148.5,148.5,148.5,1
2023-08-10,148.5,148.5,148.5,148.5,130
2023-08-15,148.5,148.5,148.5,148.5,1310
2023-08-18,148.5,300.0,300.0,300.0,15
2023-08-21,300.0,148.8300018310547,148.8300018310547,148.8300018310547,10
2023-10-06,148.8300018310547,145.0,145.0,145.0,14
2023-11-03,145.0,170.0,170.0,170.0,30
2023-11-07,170.0,3500.0,170.0,170.0,8
2023-12-07,170.0,10000.0,170.14999389648438,170.14999389648438,385
2023-12-08,170.14999389648438,9900.0,148.8300018310547,160.0,2420
2023-12-11,160.0,538.989990234375,160.0,438.0,5698
2023-12-12,438.0,400.0,160.0,160.0,5567
2023-12-13,160.0,294.5,145.0,148.5,1015
2023-12-14,148.5,327.989990234375,160.0,160.0,68
2023-12-15,160.0,163.0,160.00999450683594,163.0,19
2023-12-18,163.0,303.989990234375,165.0,270.0,64
2023-12-19,270.0,270.0,161.10000610351562,161.10000610351562,80
2023-12-20,161.10000610351562,530.0,165.0,165.0,2304
2023-12-21,165.0,10000.0,174.07000732421875,400.010009765625,3304
2023-12-22,400.010009765625,1880.0,600.0,1880.0,156
2023-12-27,1880.0,6800.0,200.0,200.0,9774
2023-12-28,200.0,1400.0,310.0,799.8400268554688,1098
2023-12-29,799.8400268554688,799.0,148.0,148.0,15059
2024-01-03,599.989990234375,800.0,599.989990234375,735.0,402
2024-01-04,740.0,740.0,410.0,580.0,576
2024-01-05,580.0,620.0,540.0,550.0,35
2024-01-08,550.0,577.0,400.0,535.0,332
2024-01-09,535.0,550.0,185.0,185.0,1310
2024-01-10,185.0,688.0,498.9800109863281,498.989990234375,91
2024-01-11,498.989990234375,500.0,498.0,500.0,350
2024-01-12,500.0,1500.0,222.0,350.989990234375,2774
2024-01-15,355.0,800.0,355.0,400.20001220703125,2264
2024-01-16,400.20001220703125,689.0499877929688,450.0,590.0,2540
2024-01-17,590.0,649.0,580.0,590.0,721
2024-01-18,590.0,600.0,420.0,420.0,1235
2024-01-19,420.0,549.9299926757812,519.989990234375,548.97998046875,142
2024-01-22,548.97998046875,800.0,510.0,510.0,1897
2024-01-23,510.0,750.0,361.010009765625,435.3599853515625,3342
2024-01-24,435.3599853515625,599.989990234375,450.0,458.010009765625,239
2024-01-25,458.010009765625,739.0,475.0,475.0,1649
2024-01-26,475.0,599.0,480.010009765625,480.010009765625,2032
2024-01-29,480.010009765625,728.0,500.0,510.0,2147
2024-01-30,510.0,689.9000244140625,480.010009765625,500.0,849
2024-01-31,500.0,593.5,381.0,500.0,1125
2024-02-01,500.0,500.0,400.5,500.0,252
2024-02-02,500.0,500.0,400.0,500.0,1674
2024-02-05,500.0,490.0,400.0,490.0,2282
2024-02-06,490.0,494.989990234375,380.0,390.0,3408
2024-02-07,390.0,480.0,278.0,415.0,2973
2024-02-08,415.0,415.0,300.0,380.0,2615
2024-02-09,380.0,417.8999938964844,301.1000061035156,414.0,8
2024-02-12,414.0,300.1499938964844,300.010009765625,300.010009765625,2000
2024-02-13,300.010009765625,408.9599914550781,300.0,390.0,423
2024-02-14,390.0,302.0,276.1199951171875,276.1199951171875,1022
2024-02-15,276.1199951171875,389.0,299.0,303.0,293
2024-02-16,303.0,370.0,303.0,370.0,17
2024-02-19,370.0,380.0,275.0,275.0,760
2024-02-21,275.0,370.0,200.0,363.0,3241
2024-02-22,363.0,350.0,203.0,330.0,1715
2024-02-23,330.0,330.0,200.0500030517578,299.0,516
2024-02-26,299.0,300.0,150.0,300.0,5919
2024-02-27,300.0,294.989990234375,294.989990234375,294.989990234375,3
2024-02-28,294.989990234375,288.0,25.10000038146973,275.0,801
2024-02-29,149.0,149.0,149.0,149.0,10
2024-03-01,149.0,272.8999938964844,272.8800048828125,272.8999938964844,201
2024-03-04,272.8999938964844,275.0400085449219,180.0,180.0,1798
2024-03-06,180.0,180.00999450683594,180.0,180.0,1914
2024-03-07,180.0,180.0,180.0,180.0,757
2024-03-12,180.0,180.0,70.05000305175781,180.0,22
2024-03-18,180.0,6999.990234375,35.0,180.00999450683594,6081
2024-03-19,180.00999450683594,998.010009765625,185.00999450683594,200.0,88
2024-03-20,200.0,500.0,204.0,204.0,110
2024-03-22,204.0,450.0,230.00999450683594,440.0,11
2024-03-25,440.0,440.0,440.0,440.0,678
2024-03-26,250.0,250.0,250.0,250.0,1
2024-03-27,250.0,400.0,183.5,183.5,492
2024-03-28,183.5,2000.0,250.0,250.0,4436
2024-04-02,250.0,250.1999969482422,250.10000610351562,250.10000610351562,40
2024-04-03,250.10000610351562,375.0,250.11000061035156,250.11000061035156,388
2024-04-05,250.11000061035156,375.0,250.11000061035156,250.11000061035156,79
2024-04-12,250.11000061035156,375.0,375.0,375.0,23
2024-04-15,375.0,374.0,250.11000061035156,374.0,34
2024-04-16,370.0,370.0,370.0,370.0,10
2024-04-19,370.0,349.79998779296875,148.89999389648438,349.79998779296875,113
2024-04-26,349.79998779296875,200.8000030517578,200.8000030517578,200.8000030517578,20
2024-04-30,200.8000030517578,339.989990234375,151.0,151.0,171
2024-05-02,151.0,345.0,151.0,345.0,36
2024-05-07,345.0,200.0,160.00999450683594,200.0,33
2024-05-08,200.0,340.0,320.0,340.0,1442
2024-05-09,340.0,345.0,200.0,200.0,1009
2024-05-17,200.0,349.989990234375,250.0,300.0,502
2024-05-21,300.0,295.0,295.0,295.0,103
2024-05-22,295.0,295.0,295.0,295.0,2
2024-05-23,295.0,295.0,295.0,295.0,3
2024-05-31,295.0,295.0,170.0,170.0,2
2024-06-03,170.0,295.0,173.00999450683594,173.00999450683594,77
2024-06-04,173.00999450683594,300.0,173.00999450683594,300.0,10
2024-06-06,300.0,380.0,290.0,290.0,101
2024-06-07,290.0,300.0,170.0,170.10000610351562,374
2024-06-10,284.989990234375,284.989990234375,284.989990234375,284.989990234375,3
2024-06-21,284.989990234375,284.0,145.0,145.0,11
2024-06-24,145.0,145.00999450683594,145.00999450683594,145.00999450683594,100
2024-06-25,145.00999450683594,284.989990234375,100.01000213623047,284.989990234375,146
2024-06-26,146.0,146.0,146.0,146.0,1
2024-06-27,284.989990234375,284.989990234375,284.989990234375,284.989990234375,18
2024-06-28,284.989990234375,145.0,134.0,134.0,400
2024-07-01,134.0,283.0,135.02000427246094,135.02000427246094,11
2024-07-04,135.02000427246094,283.0,260.0,260.0,595
2024-07-05,260.0,283.0,151.0,151.0,27
2024-07-08,151.0,200.0,200.0,200.0,5
2024-07-09,200.0,230.0,200.0,200.0,105
2024-07-10,200.0,284.0,200.0,200.0,427
2024-07-11,200.0,312.0,311.8999938964844,311.8999938964844,51
2024-07-12,311.8999938964844,155.10000610351562,155.10000610351562,155.10000610351562,1
2024-07-15,155.10000610351562,250.0,250.0,250.0,10
2024-07-16,250.0,300.0,152.11000061035156,152.11000061035156,481
2024-07-17,152.11000061035156,200.0,165.0,165.0,24
2024-07-18,165.0,300.0,200.0,299.0,139
2024-07-19,299.0,295.0,165.0,170.0,8
2024-07-24,170.0,350.0,350.0,350.0,2
2024-07-26,350.0,399.0,165.10000610351562,165.10000610351562,2
2024-07-29,165.10000610351562,399.0,399.0,399.0,5
2024-07-31,399.0,200.0,200.0,200.0,5
2024-08-01,200.0,399.0,200.0,200.0,1931
2024-08-02,200.0,300.0,200.0,200.0,11
2024-08-05,200.0,200.0,200.0,200.0,0
2024-08-06,200.0,290.0,170.0,170.0,22
2024-08-08,170.0,172.0,170.0,170.0,1005
2024-08-09,170.0,299.0,170.0,170.0,16
2024-08-13,170.0,289.989990234375,180.0500030517578,180.0500030517578,476
2024-08-14,180.0500030517578,299.0,170.0,170.0,122
2024-08-15,170.0,299.989990234375,176.0,176.0,9
2024-08-16,176.0,300.0,185.0,185.0,343
2024-08-19,185.0,300.0,190.0,190.0,208
2024-08-20,190.0,275.0,190.00999450683594,190.00999450683594,3
2024-08-21,275.0,275.0,191.0,191.0,122
2024-08-23,191.0,250.0,200.10000610351562,200.10000610351562,215
2024-08-26,200.10000610351562,200.0,200.0,200.0,16
2024-08-27,202.0,202.0,200.10000610351562,200.10000610351562,1442
2024-08-29,200.10000610351562,203.0,203.0,203.0,2
2024-09-02,203.0,269.0,203.0,203.0,175
2024-09-04,203.0,203.0,203.0,203.0,73
2024-09-09,203.0,200.0,200.0,200.0,1
2024-09-10,200.0,300.0,203.0,203.0,181
2024-09-11,203.0,270.0,270.0,270.0,3
2024-09-12,270.0,270.0,203.0,203.0,212
2024-09-19,203.0,250.0,203.0,203.0,345
2024-09-24,203.0,320.0,203.0,203.0,502
2024-09-25,203.0,300.0,206.0,206.0,19
2024-09-26,206.0,300.0,205.0,205.0,110
2024-09-27,205.0,300.0,205.0,205.0,292
2024-09-30,205.0,205.0,130.0,130.0,521
2024-10-03,130.0,193.0,193.0,193.0,16
2024-10-07,193.0,249.0,175.0,175.0,217
2024-10-08,175.0,250.0,155.10000610351562,155.10000610351562,382
2024-10-10,155.10000610351562,141.0,141.0,141.0,26
2024-10-11,141.0,280.0,180.0,180.0,51
2024-10-16,180.0,300.0,200.0,200.0,91
2024-10-17,200.0,200.0,150.0,150.0,645
2024-10-18,150.0,301.0,177.0,177.0,807
2024-10-21,177.0,280.0,275.0,280.0,274
2024-10-22,280.0,180.0,170.0500030517578,170.0500030517578,11
2024-10-23,170.0500030517578,300.0,175.0,175.02000427246094,127
2024-10-24,175.02000427246094,299.989990234375,183.0,183.0,11
2024-10-25,183.0,325.0,183.0,325.0,513
2024-10-28,325.0,500.0,320.0,500.0,500
2024-10-29,500.0,500.0,200.0,200.0,63
2024-10-30,200.0,210.0,210.0,210.0,30
2024-10-31,210.0,200.0,190.0,190.0,190
2024-11-01,190.0,280.0,200.0,200.0,194
2024-11-04,200.0,3100.0,200.0,3100.0,8055
2024-11-05,3100.0,909.0,170.0,170.0,11628
2024-11-06,170.0,1445.0,186.0,186.0,1012
2024-11-07,186.0,899.0,200.0,200.0,147
2024-11-08,200.0,999.989990234375,170.0,170.0,993
2024-11-11,170.0,898.989990234375,898.989990234375,898.989990234375,1
2024-11-12,898.989990234375,399.989990234375,191.10000610351562,191.10000610351562,1513
2024-11-13,191.10000610351562,279.0,200.0,200.05999755859375,80
2024-11-14,200.05999755859375,280.0,200.11000061035156,200.11000061035156,191
2024-11-15,200.11000061035156,397.0,200.0,203.11000061035156,18
2024-11-18,203.11000061035156,399.0,205.0,205.0,412
2024-11-21,205.0,397.0,205.00999450683594,205.00999450683594,3
2024-11-22,205.00999450683594,354.0,203.0,210.0,152
2024-11-25,210.0,260.0,205.00999450683594,205.00999450683594,102
2024-11-26,205.00999450683594,330.0,205.00999450683594,205.00999450683594,390
2024-11-28,205.00999450683594,329.0,207.0,207.0,6
2024-11-29,207.0,330.0,207.0,207.0,7
2024-12-02,207.0,325.0,207.00999450683594,207.00999450683594,3
2024-12-03,207.00999450683594,334.0,207.0,207.0,104
2024-12-04,207.0,319.0,212.0,212.0,12
2024-12-05,212.0,212.0,210.0,210.0,6923
2024-12-10,210.0,320.0,215.07000732421875,215.07000732421875,623
2024-12-11,215.07000732421875,397.0,169.0,183.0,6079
2024-12-13,183.0,419.0,185.2100067138672,185.2100067138672,104
2024-12-16,185.2100067138672,389.0,198.0,198.0,11
2024-12-17,198.0,195.00999450683594,195.00999450683594,195.00999450683594,1
2024-12-18,195.00999450683594,389.0,200.0,300.0,33
2024-12-19,300.0,280.0,190.02000427246094,190.02000427246094,277
2024-12-20,190.02000427246094,200.0,190.02999877929688,190.02999877929688,301
2024-12-23,190.02999877929688,290.0,192.02999877929688,192.02999877929688,216
2024-12-24,192.02999877929688,290.0,196.02999877929688,200.0,817
2024-12-27,200.0,290.0,196.0,290.0,576
2024-12-30,300.0,1390.0,205.0,205.0,3945
2025-01-02,205.0,349.989990234375,349.989990234375,349.989990234375,2
2025-01-03,349.989990234375,319.0,222.0,222.0,447
2025-01-06,222.0,339.0,250.0,265.0,307
2025-01-07,265.0,340.0,260.0,260.0,1715
2025-01-08,260.0,341.0,260.0,339.0,211
2025-01-09,339.0,350.0,262.0,262.0,122
2025-01-10,262.0,400.0,260.1000061035156,260.1000061035156,422
2025-01-13,260.1000061035156,262.0,225.0,225.0,220
2025-01-14,225.0,242.0,242.0,242.0,12
2025-01-17,242.0,339.9800109863281,242.08999633789062,242.08999633789062,212
2025-01-20,242.08999633789062,339.989990234375,339.989990234375,339.989990234375,1
2025-01-21,339.989990234375,339.989990234375,243.0399932861328,243.0399932861328,12
2025-01-23,243.0399932861328,350.0,350.0,350.0,1
2025-01-24,350.0,251.0,243.7100067138672,243.7100067138672,187
2025-01-29,243.7100067138672,335.0,244.0,335.0,81
2025-01-30,335.0,338.0,244.0,244.0,1022
2025-02-04,244.0,300.0,250.0,250.0,16
2025-02-07,250.0,256.0,255.0,255.0,100
2025-02-10,255.0,276.0,255.0,276.0,21
2025-02-11,276.0,330.0,280.0,330.0,100
2025-02-13,330.0,330.0,330.0,330.0,300
2025-02-17,330.0,320.0,320.0,320.0,16
2025-02-19,320.0,317.0,243.10000610351562,243.1999969482422,2400
2025-02-20,243.1999969482422,317.0,240.0,240.0,55
2025-02-25,240.0,317.0,226.0,226.0,15
2025-03-03,226.0,227.0,182.0,182.0,112
2025-03-04,182.0,200.0,182.00999450683594,182.00999450683594,91
2025-03-05,182.00999450683594,300.0,300.0,300.0,1
2025-03-06,300.0,187.10000610351562,187.10000610351562,187.10000610351562,2
2025-03-07,187.10000610351562,187.10000610351562,187.10000610351562,187.10000610351562,0
2025-03-10,187.10000610351562,187.10000610351562,187.10000610351562,187.10000610351562,0
2025-03-11,187.10000610351562,187.10000610351562,187.10000610351562,187.10000610351562,0
2025-03-12,187.10000610351562,187.10000610351562,187.10000610351562,187.10000610351562,0
2025-03-13,187.10000610351562,187.10000610351562,187.10000610351562,187.10000610351562,0
2025-03-14,187.10000610351562,310.0,310.0,310.0,1
2025-03-17,310.0,309.0,190.0,190.0,25
2025-03-19,190.0,220.0,191.2100067138672,191.2100067138672,7
2025-03-24,191.2100067138672,299.0,190.0,190.0,6
2025-03-26,190.0,260.0,250.0,260.0,2
2025-03-27,260.0,250.0,250.0,250.0,1500
2025-04-02,250.0,245.0,245.0,245.0,120
2025-04-03,245.0,260.0,250.0,260.0,980
2025-04-04,260.0,289.0,191.2100067138672,191.2100067138672,133
2025-04-07,191.2100067138672,400.0,191.2100067138672,191.2100067138672,302
2025-04-10,191.2100067138672,215.0,195.0,198.0,29
2025-04-14,198.0,250.0,200.0399932861328,200.0399932861328,5
2025-04-16,200.0399932861328,251.0,250.0,251.0,113
2025-04-17,251.0,300.0,251.0,251.0,216
2025-04-23,251.0,251.0,251.0,251.0,3
2025-04-28,251.0,251.0,251.0,251.0,7
2025-04-29,251.0,291.0,281.0,281.0,3
2025-04-30,281.0,292.0,251.0,251.0,5
2025-05-05,251.0,250.0,250.0,250.0,10
2025-05-07,250.0,250.0,207.0,207.0,8
2025-05-08,207.0,497.8999938964844,207.10000610351562,450.0,1026
2025-05-09,450.0,390.0,221.2100067138672,221.55999755859375,49
2025-05-12,221.55999755859375,385.0,211.0,211.0,55
2025-05-13,385.0,385.0,385.0,385.0,3
2025-05-14,385.0,381.0,219.00999450683594,219.00999450683594,12
2025-05-15,219.00999450683594,385.0,215.00999450683594,385.0,44
2025-05-16,385.0,900.0,231.11000061035156,231.11000061035156,1002
2025-05-19,231.11000061035156,500.0,250.1199951171875,255.5,213
2025-05-20,255.5,255.5,255.5,255.5,3
2025-05-21,255.5,385.0,255.55999755859375,385.0,26
2025-05-22,385.0,255.50999450683594,255.50999450683594,255.50999450683594,1
2025-05-23,255.50999450683594,266.1400146484375,266.1400146484375,266.1400146484375,2
2025-05-26,266.1400146484375,266.1400146484375,266.1400146484375,266.1400146484375,0
2025-05-27,266.1400146484375,380.0,380.0,380.0,423
2025-05-28,380.0,379.0,300.0,300.0,2
2025-05-29,300.0,350.0,300.0,300.0,201
2025-05-30,300.0,300.0,300.0,300.0,0
2025-06-02,300.0,270.0,270.0,270.0,1
2025-06-03,270.0,299.5,299.5,299.5,12
2025-06-04,299.5,419.0,290.0,419.0,502
2025-06-05,419.0,400.0,290.0,290.0,252
2025-06-06,290.0,290.0,290.0,290.0,0
2025-06-10,290.0,293.0,293.0,293.0,97
2025-06-11,293.0,400.0,200.0,300.0,56
2025-06-13,300.0,310.0,310.0,310.0,1
2025-06-16,310.0,390.0,320.0,390.0,396
2025-06-17,390.0,390.0,310.0,310.0,116
2025-06-18,310.0,310.0,310.0,310.0,0
2025-06-19,310.0,325.0,310.0,310.0,510
2025-06-20,310.0,310.5,310.5,310.5,4
2025-06-23,310.5,310.5,310.5,310.5,0
2025-06-24,310.5,310.0,310.0,310.0,10
2025-06-25,310.0,310.0,310.0,310.0,250
2025-06-26,310.0,310.0,310.0,310.0,0
2025-06-27,310.0,345.0,310.0,310.0,4
2025-06-30,310.0,440.0,310.0,310.0,13
2025-07-01,310.0,310.0,310.0,310.0,0
2025-07-02,310.0,440.0,440.0,440.0,64
2025-07-03,440.0,700.0,310.0,310.0,571
2025-07-04,310.0,518.0,518.0,518.0,2
2025-07-07,518.0,700.0,201.99000549316406,444.0,1803
2025-07-08,444.0,505.0,310.1000061035156,310.1000061035156,2301
2025-07-09,310.1000061035156,310.1000061035156,310.1000061035156,310.1000061035156,0
2025-07-10,310.1000061035156,325.0,325.0,325.0,104
2025-07-11,325.0,325.0,325.0,325.0,0
2025-07-14,325.0,325.0,325.0,325.0,0
2025-07-16,325.0,325.0,325.0,325.0,0
2025-07-17,325.0,325.010009765625,325.0,325.0,136
2025-07-18,325.0,700.0,213.0,325.0,872
2025-07-21,325.0,830.0,500.0,700.0,512
2025-07-22,700.0,600.0,575.0,575.0,59
2025-07-23,575.0,525.0,525.0,525.0,286
2025-07-24,525.0,523.0,300.0,300.0,459
2025-07-25,300.0,520.0,320.0,320.0,186
2025-07-28,320.0,320.0,320.0,320.0,0
2025-07-29,320.0,519.989990234375,226.10000610351562,321.0,139
2025-07-30,321.0,321.0,321.0,321.0,70
2025-07-31,321.0,321.0,321.0,321.0,0
2025-08-01,321.0,321.0199890136719,320.0,320.0,407
2025-08-04,320.0,518.0,518.0,518.0,389
2025-08-05,518.0,518.0,330.010009765625,450.0,299
2025-08-06,450.0,450.0,210.0,210.0,5870
2025-08-07,210.0,450.0,210.0,210.0,4134
2025-08-08,210.0,300.0,201.0,210.0,3421
2025-08-11,210.0,252.0,210.5,210.5,1710
2025-08-12,210.5,435.0,210.0,210.0,2111
2025-08-13,345.0,450.0,213.6999969482422,213.6999969482422,9015
2025-08-14,300.0,300.0,220.02000427246094,220.02000427246094,4170
2025-08-15,220.02000427246094,235.0,221.0,221.0,6500
2025-08-18,221.0,270.0,222.0,222.0,264
2025-08-19,222.0,333.0,222.0,222.0,3225
2025-08-20,222.0,280.0,214.0500030517578,215.0,7493
2025-08-21,275.0,275.0,270.95001220703125,270.95001220703125,1021
2025-08-22,270.95001220703125,261.0,214.0,261.0,5681
2025-08-25,261.0,260.0,211.02000427246094,211.02000427246094,185
2025-08-26,211.02000427246094,211.0800018310547,210.07000732421875,211.0800018310547,2165
2025-08-27,211.0800018310547,248.97999572753906,211.0800018310547,247.8000030517578,33
2025-08-28,247.8000030517578,243.57000732421875,211.0800018310547,211.0800018310547,11902
2025-08-29,211.0800018310547,248.57000732421875,210.07000732421875,248.57000732421875,2504
2025-09-01,248.57000732421875,400.0,211.11000061035156,211.11000061035156,1121
2025-09-02,211.11000061035156,299.989990234375,211.0,299.989990234375,21
2025-09-03,299.989990234375,278.9100036621094,211.2100067138672,278.9100036621094,45
2025-09-04,278.9100036621094,265.989990234375,211.0,265.989990234375,3665
2025-09-08,265.0,265.0,200.0,200.0,565
2025-09-09,200.0,211.0,211.0,211.0,108
2025-09-10,210.0,210.0,202.00999450683594,202.00999450683594,1910
2025-09-11,202.00999450683594,259.95001220703125,201.0,201.0,5608
2025-09-12,201.0,230.0,203.0,203.0,3633
2025-09-15,203.0,238.3800048828125,203.10000610351562,203.10000610351562,40
2025-09-16,203.10000610351562,203.10000610351562,203.10000610351562,203.10000610351562,0
2025-09-17,203.10000610351562,227.0,206.0,206.0,2
2025-09-18,206.0,229.0,208.0,208.0,1225
2025-09-19,208.0,229.0,209.0,209.0,3876
2025-09-22,209.0,209.0,209.0,209.0,0
2025-09-23,209.0,229.0,210.0,211.0,5130
2025-09-24,211.0,212.0,211.0,211.0,110
2025-09-25,211.0,219.0,213.0,213.0,1125
2025-09-26,213.0,259.3900146484375,213.0,213.0,3600
2025-09-29,213.0,213.5,203.0,203.0,9310
2025-09-30,203.0,203.0,203.0,203.0,215
2025-10-02,203.0,203.0399932861328,203.0,203.0399932861328,190
2025-10-03,203.0399932861328,203.0399932861328,203.0399932861328,203.0399932861328,0
2025-10-04,203.0399932861328,203.0399932861328,203.0399932861328,203.0399932861328,0
2025-10-06,203.0399932861328,247.9600067138672,206.0,206.0,3
2025-10-07,206.0,220.0,220.0,220.0,22
2025-10-08,220.0,203.10000610351562,203.10000610351562,203.10000610351562,10
2025-10-09,203.10000610351562,203.10000610351562,203.10000610351562,203.10000610351562,0
2025-10-10,203.10000610351562,203.16000366210938,203.16000366210938,203.16000366210938,192
2025-10-13,203.16000366210938,210.0,210.0,210.0,1222
2025-10-14,210.0,240.0,235.0,240.0,1015
2025-10-15,240.0,239.0,238.0,239.0,140
2025-10-16,239.0,239.0,239.0,239.0,0
2025-10-17,239.0,239.0,238.99000549316406,238.99000549316406,1805
2025-10-20,238.99000549316406,238.0,206.07000732421875,206.07000732421875,883
2025-10-21,206.07000732421875,239.0,206.07000732421875,206.07000732421875,1489
2025-10-22,206.07000732421875,250.0,207.0,207.0,1250
2025-10-23,207.0,304.510009765625,210.0,210.0,6
2025-10-24,210.0,304.510009765625,210.0,210.0,75
2025-10-27,210.0,299.8900146484375,206.10000610351562,206.16000366210938,888
2025-10-28,206.16000366210938,207.0,206.10000610351562,206.10000610351562,1591
2025-10-29,206.10000610351562,286.9800109863281,206.16000366210938,206.16000366210938,2650
2025-10-30,206.16000366210938,288.0,208.00999450683594,208.00999450683594,1578
2025-10-31,208.00999450683594,210.02000427246094,190.0,190.0,7877
2025-11-03,200.0,284.989990234375,150.0,242.97999572753906,62035
2025-11-04,242.97999572753906,229.89999389648438,153.0,228.0,3503
2025-11-05,228.0,220.89999389648438,218.0,218.0,42
2025-11-06,218.0,218.0,218.0,218.0,18
2025-11-07,218.0,218.0,218.0,218.0,202
2025-11-10,207.0,218.0,204.0,218.0,8361
2025-11-11,218.0,218.0,204.0,204.0,2732
2025-11-12,204.0,215.0,200.0,215.0,306
2025-11-13,215.0,215.0,215.0,215.0,0
2025-11-14,213.0,215.0,215.0,215.0,0
2025-11-17,213.0,213.0,175.0,209.99000549316406,571
2025-11-18,209.99000549316406,209.99000549316406,209.0,209.0,1048
2025-11-19,209.0,209.0,209.0,209.0,0
2025-11-20,209.0,209.0,209.0,209.0,50
2025-11-21,209.0,209.0,209.0,209.0,0
2025-11-24,209.0,209.0,202.0,208.9499969482422,2374
2025-11-25,208.9499969482422,208.89999389648438,155.0,208.89999389648438,1058
2025-11-26,208.89999389648438,208.89999389648438,208.89999389648438,208.89999389648438,469
2025-11-27,208.89999389648438,208.89999389648438,208.89999389648438,208.89999389648438,1158
2025-11-28,208.89999389648438,210.0,208.0,208.89999389648438,500
2025-12-01,208.89999389648438,215.0,200.0,215.0,1511
2025-12-02,215.0,214.5,200.0,214.5,1011
2025-12-03,214.5,215.0,212.0,212.0,5156
2025-12-04,212.0,220.0,210.00999450683594,220.0,525
2025-12-05,220.0,218.0,215.0,218.0,1000
2025-12-08,218.0,324.9599914550781,136.0,218.0,1993
2025-12-09,218.0,320.0,218.0,219.5,4743
2025-12-10,219.5,219.5,219.5,219.5,661
2025-12-11,219.5,219.5,219.5,219.5,40
2025-12-12,220.0,220.0,200.0,200.0,6879
2025-12-15,200.0,218.47999572753906,200.0,215.0,1233
2025-12-16,215.0,215.0,201.0,210.0,2742
2025-12-17,210.0,210.0,200.0,209.08999633789062,1632
2025-12-18,209.08999633789062,212.0,199.0,200.0,10963
2025-12-19,200.0,210.0,210.0,210.0,17
2025-12-22,210.0,215.0,150.0,215.0,3397
2025-12-23,214.99000549316406,217.8000030517578,211.97999572753906,217.8000030517578,2977
2025-12-24,217.8000030517578,221.0,200.0,221.0,7943
2025-12-29,200.0,217.5,200.0,200.0,1666
2025-12-30,200.0,216.5,198.0,216.5,2178
2025-12-31,216.5,216.8000030517578,151.00999450683594,216.5,26354
2026-01-02,216.5,216.97000122070312,150.0399932861328,200.0,184
2026-01-05,200.0,320.0,216.97999572753906,319.989990234375,1504
2026-01-06,319.989990234375,319.989990234375,200.00999450683594,300.0,2095
2026-01-07,300.0,220.0,220.0,220.0,1000
2026-01-08,220.0,314.5,230.0,230.0,2687
2026-01-09,230.0,320.0,230.0,230.0,8099
2026-01-12,230.0,300.0,240.0,290.0,19870
2026-01-13,290.0,310.0,276.0,309.0,18560
2026-01-14,309.0,319.0,278.0,278.0,15184
2026-01-15,278.0,308.0,278.0,278.0,2299
2026-01-16,278.0,299.0,250.0,278.0,4287
2026-01-19,278.0,278.0,276.79998779296875,277.0,5884
2026-01-20,277.0,485.0,270.0,399.0,70210
2026-01-21,369.0,495.20001220703125,369.0,489.0,24410
2026-01-22,489.0,1000.0,489.0,900.0,49548
2026-01-23,900.0,1500.0,900.0,1390.0,54783
2026-01-26,1390.0,2950.0,1390.0,1530.0,31321
2026-01-27,1500.02001953125,1529.0,277.0199890136719,1088.0,24264
2026-01-28,1088.0,1088.0,199.5,451.70001220703125,238418
2026-01-29,451.70001220703125,660.0,457.70001220703125,659.9000244140625,62912
2026-01-30,670.0,1000.0,221.0,600.2999877929688,133217
2026-02-02,699.0,699.0,575.0,599.4000244140625,18733
2026-02-03,599.4000244140625,624.0,580.0,619.0,18942
2026-02-04,619.0,789.0,619.0,626.0,15175
2026-02-05,626.0,700.0,619.0,685.0,7665
2026-02-06,685.0,700.0,654.0,690.0,15923
2026-02-09,690.0,949.989990234375,691.0,811.0,14107
2026-02-10,811.0,1344.989990234375,850.0,1265.0,12877
2026-02-11,1264.0,1264.0,250.10000610351562,678.0,246842
2026-02-12,678.0,888.0,678.0,790.0,21580
2026-02-13,789.989990234375,789.989990234375,650.0,689.4000244140625,29463
2026-02-16,689.4000244140625,899.0,580.0,700.0,17768
2026-02-17,700.0,700.0,420.0,510.0,46534
2026-02-18,510.0,688.010009765625,481.0,560.0,20892
2026-02-19,560.0,560.0,500.0,547.0,7863
2026-02-20,547.0,587.0,470.0,498.29998779296875,14516
2026-02-23,498.29998779296875,498.29998779296875,200.1999969482422,375.0,123197
2026-02-24,385.0,699.0,384.0,400.0,14043
2026-02-25,400.0,510.0,386.010009765625,386.010009765625,13780
2026-02-26,386.010009765625,476.0,390.0,447.0,12458
2026-02-27,445.0,445.0,385.0,400.0,8749
2026-03-02,400.0,448.0,395.0,402.010009765625,19176
2026-03-03,402.0,439.8999938964844,400.0,400.0,14712
2026-03-04,400.0,433.8999938964844,395.0,419.0,7915
2026-03-05,419.0,419.0,395.0,410.0,12506
2026-03-06,411.0,451.0,400.0,451.0,9585
2026-03-09,475.1000061035156,496.1000061035156,451.0,451.1000061035156,20226
2026-03-10,451.1000061035156,496.0,451.1000061035156,487.8999938964844,6396
2026-03-11,487.8999938964844,495.8999938964844,455.0,480.0,2098
2026-03-12,480.0,475.0,432.0,432.0,9781
2026-03-13,432.0,465.0,400.0,400.0,7566
2026-03-16,400.0,439.20001220703125,376.0199890136719,385.0,16030
2026-03-17,385.0,423.5,348.0,420.0,47474
2026-03-18,420.0,440.0,390.0,410.0,23071
2026-03-23,410.0,449.0,374.1000061035156,374.1000061035156,34098
2026-03-24,374.1000061035156,411.510009765625,340.0,340.0,68232
2026-03-25,340.0,374.0,355.0,374.0,30760
2026-03-26,374.0,411.3999938964844,338.1099853515625,338.1099853515625,66423
2026-03-27,338.1099853515625,371.9200134277344,310.70001220703125,310.70001220703125,108896
2026-03-30,310.70001220703125,341.7699890136719,338.1099853515625,341.7699890136719,5324
2026-03-31,341.7699890136719,375.94000244140625,307.6000061035156,325.989990234375,146309
2026-04-01,324.989990234375,357.0,308.0,330.0,51498
2026-04-02,330.0,363.0,330.0,345.0,75360
2026-04-07,345.0,379.5,335.0,367.20001220703125,39155
2026-04-08,367.20001220703125,403.9200134277344,331.0,331.0,125665
2026-04-09,331.0,359.0,335.0,355.0,30712
2026-04-10,355.0,380.0,345.0,380.0,40968
2026-04-13,380.0,396.0,342.0,342.0,53308
2026-04-14,342.0,360.8900146484375,310.0,310.0,33146
2026-04-15,310.0,340.5,290.1000061035156,330.0,65884
2026-04-16,338.0,358.0,304.010009765625,328.0,33790
2026-04-17,330.0,345.989990234375,307.0,328.0,17183
2026-04-20,328.0,360.0,295.20001220703125,295.20001220703125,108613
2026-04-21,295.20001220703125,319.989990234375,265.67999267578125,265.67999267578125,55311
2026-04-22,265.67999267578125,270.0,241.00999450683594,269.989990234375,57122
2026-04-23,269.989990234375,290.0,250.0,270.0,17285
2026-04-24,270.0,287.0,260.0,269.0,35206
2026-04-27,269.0,290.0,250.0,267.0,39022
2026-04-28,267.0,280.0,250.0500030517578,276.5,18677
2026-04-29,276.5,277.0,248.85000610351562,248.85000610351562,33444
2026-04-30,248.85000610351562,269.0,252.0,260.0,18788
2026-05-04,260.0,282.0,242.1199951171875,268.0,24895
2026-05-05,268.0,294.79998779296875,242.1199951171875,260.0,23364
2026-05-06,260.0,286.0,260.0,260.0,29047
2026-05-07,260.0,286.0,260.0,260.0,19911
2026-05-08,260.0,286.0,244.00999450683594,250.0,39058
2026-05-11,250.0,273.8999938964844,250.0,265.0,35767
2026-05-12,265.0,283.0,244.0,260.0,27335
2026-05-13,260.0,286.0,240.0,260.0,39746
2026-05-14,269.0,285.0,261.1099853515625,270.0,28414
2026-05-15,270.0,297.0,260.0,260.0,125208
2026-05-18,260.0,286.0,260.1000061035156,262.0,30507
2026-05-19,262.0,288.20001220703125,260.0,273.0,20341
2026-05-20,273.0,300.0,262.20001220703125,262.20001220703125,21209
2026-05-21,262.20001220703125,288.4200134277344,265.1499938964844,268.5199890136719,16997
2026-05-22,268.5199890136719,295.29998779296875,269.0,269.0199890136719,12721
2026-05-25,269.0199890136719,295.9200134277344,270.0,293.1000061035156,13877
2026-05-26,293.1000061035156,322.0,270.0,293.1000061035156,11123
2026-05-29,293.1000061035156,322.0,293.1000061035156,294.20001220703125,9431
